Longitude,Latitude,Elevation
75,31,2
74,28,1
74,40,1
75,41,1
77,40,2
87,36,135
90,38,148
82,27,12
90,38,159
86,36,149
82,28,26
82,27,18
86,39,236
82,27,16
82,27,9
83,39,14
110,32,722
90,29,6
90,29,3
83,39,11
113,53,662
86,39,225
86,39,248
119,39,1364
86,36,151
77,40,89
119,34,23
86,36,129
83,39,13
86,36,267
116,43,822
77,40,16
77,40,158
77,40,113
90,29,21
83,39,3
77,40,94
83,39,120
89,38,173
119,39,1347
86,39,223
90,38,138
83,39,17
77,40,87
83,39,77
110,32,752
86,36,155
90,38,167
77,40,51
82,27,8
86,39,266
113,53,665
113,53,661
82,28,20
83,39,127
77,40,64
82,28,18
90,29,0
82,27,11
83,39,141
90,29,7
116,43,777
110,32,746
86,39,262
82,28,12
119,39,1393
86,36,174
83,39,60
83,39,45
83,39,30
83,39,10
113,53,672
110,32,761
82,28,23
86,39,249
86,39,244
83,39,36
77,40,29
77,40,40
119,34,4
89,38,169
90,29,28
83,39,6
86,36,148
119,34,10
86,39,250
77,40,21
90,38,162
90,29,8
119,39,1356
116,43,799
90,38,161
77,40,19
86,39,229
89,38,176
90,29,15
83,39,27
110,32,849
82,27,4
77,40,46
77,40,78
77,40,92
90,38,196
83,39,50
90,38,163
116,43,801
82,28,6
83,39,7
77,40,93
90,30,2
86,36,165
86,36,216
86,39,235
110,32,793
111,32,735
90,30,3
83,39,20
83,39,26
90,29,11
110,32,778
86,39,272
82,28,28
110,32,705
86,36,157
119,34,0
83,39,15
77,40,34
86,39,230
119,39,1344
82,27,20
119,39,1362
83,39,18
86,39,220
82,27,7
116,43,826
83,39,45
83,39,99
86,36,153
77,40,82
83,39,9
86,36,162
86,36,146
90,38,132
77,40,45
119,39,1377
86,39,222
119,34,30
113,53,682
119,39,1352
77,40,14
86,39,226
83,39,31
83,39,16
83,39,56
90,38,158
82,27,13
82,27,10
113,53,674
82,28,31
90,29,4
83,39,12
77,40,81
77,40,104
83,39,90
110,32,739
116,43,819
82,28,19
95,40,32
96,40,54
111,32,736
95,40,36
113,53,663
119,39,1389
86,39,253
90,38,151
110,32,789
86,39,232
95,40,91
86,36,135
86,39,218
82,27,17
96,40,56
83,39,38
90,38,144
83,39,36
86,39,224
82,28,11
82,28,22
90,38,130
119,39,1370
119,34,50
86,39,260
90,38,202
95,40,128
86,36,224
110,32,758
111,32,710
119,39,1367
110,32,818
82,28,24
86,35,236
111,32,692
82,27,32
95,40,96
86,39,245
95,40,112
116,43,792
119,39,1372
110,32,762
95,40,65
82,28,7
113,53,685
110,32,741
86,36,183
83,39,67
83,39,34
110,32,785
86,36,142
86,39,267
83,39,51
90,29,13
95,40,108
95,40,103
82,28,27
86,36,139
95,40,71
113,53,708
111,32,651
119,39,1930
83,39,1
83,39,94
90,38,147
83,39,25
110,32,843
83,39,174
96,40,25
86,35,196
83,39,44
95,40,47
96,40,48
110,32,749
86,35,206
90,30,1
110,32,732
110,32,765
90,29,19
111,32,822
82,27,6
95,40,143
89,29,4
86,39,219
90,29,5
110,32,711
86,35,185
83,39,29
82,27,14
82,28,16
110,32,731
86,39,274
90,29,44
83,39,4
95,40,101
82,27,19
83,39,16
116,43,818
113,53,681
110,32,743
95,40,83
110,32,719
86,39,255
90,38,145
113,53,680
90,38,156
110,32,797
83,39,39
82,28,5
86,36,132
95,40,140
119,39,1503
95,40,98
82,28,10
90,38,170
96,40,9
86,39,256
90,38,190
119,34,16
86,39,227
90,30,4
119,39,1401
82,28,21
95,40,95
95,40,63
82,27,15
83,39,49
82,28,32
86,36,126
82,27,26
83,39,69
83,39,24
82,27,5
113,53,671
110,32,742
95,40,86
90,38,176
82,28,33
119,34,59
82,27,0
95,40,126
83,39,70
90,38,168
90,30,0
95,40,144
96,40,42
83,39,5
90,38,131
82,28,14
86,39,271
119,39,1481
110,32,753
82,27,21
96,40,37
86,39,233
95,40,30
116,43,829
119,34,18
90,38,139
90,29,2
110,32,760
86,39,221
87,36,218
83,39,93
83,39,42
95,40,146
86,36,178
119,39,1522
95,40,122
110,32,782
90,29,1
95,40,52
95,40,93
119,39,1369
113,53,684
111,32,685
95,40,55
83,39,52
83,39,20
86,35,200
82,27,23
87,36,162
96,40,51
110,32,736
83,39,9
95,40,45
95,40,169
85,39,255
116,43,828
119,39,1359
119,39,1376
113,53,670
119,34,26
119,39,1366
119,39,1549
90,38,157
95,40,37
83,39,29
110,32,704
90,38,177
119,34,19
82,27,22
90,30,5
83,39,22
110,32,938
86,39,254
86,35,229
86,39,247
95,40,8
86,36,184
116,43,796
86,36,160
86,36,168
89,29,5
86,39,228
90,30,1
90,38,206
95,40,58
90,38,171
82,27,30
119,34,28
119,34,14
83,39,19
119,39,1538
90,38,181
83,39,37
82,27,1
96,40,55
90,38,155
95,40,89
119,34,7
86,39,212
83,39,87
86,36,150
95,40,96
82,28,25
83,39,133
82,28,45
116,43,798
110,32,920
82,28,15
83,39,63
113,53,667
95,40,161
116,43,825
86,36,170
86,36,179
110,32,811
82,27,29
96,40,33
89,38,174
82,27,24
111,32,700
95,40,149
86,36,141
95,40,29
119,39,1374
110,32,745
83,39,129
90,38,194
119,39,1354
89,38,152
90,38,175
110,32,803
110,32,791
95,40,60
110,32,766
110,32,703
119,34,8
119,39,1380
95,40,119
111,32,760
119,39,1412
90,38,166
119,39,1350
82,27,48
119,39,1371
116,43,784
95,40,59
113,53,727
116,43,800
116,43,772
119,34,6
86,39,263
83,39,37
83,39,38
90,29,9
86,36,131
113,53,666
113,53,675
95,40,162
95,40,85
113,53,693
90,29,34
110,32,701
86,36,154
90,38,141
96,40,8
96,40,27
90,38,154
110,31,865
111,32,687
110,32,792
86,39,252
116,43,830
110,32,759
110,32,806
96,40,60
95,40,70
119,39,1518
95,40,35
119,39,1375
119,39,1388
119,39,1454
110,32,727
86,36,161
96,40,22
95,40,102
82,27,3
83,39,19
83,39,47
86,36,171
95,40,120
119,34,13
82,28,34
119,34,62
83,39,33
90,38,188
95,40,76
119,39,1383
110,32,796
96,40,10
95,40,80
89,38,132
82,28,17
90,38,140
86,35,220
110,32,730
86,36,210
119,34,234
89,38,201
113,53,676
86,36,192
113,53,678
83,39,73
95,40,88
95,40,48
83,39,46
116,43,839
111,32,655
90,38,203
119,34,97
95,40,95
95,40,127
119,34,60
95,40,50
95,40,44
95,40,107
95,40,97
82,27,25
119,39,1368
86,39,241
116,43,807
95,40,77
86,35,192
116,43,833
86,39,238
95,40,129
83,39,15
119,34,1138
95,40,38
86,35,204
90,38,174
111,32,717
119,34,17
110,32,767
83,39,68
86,36,191
116,43,820
90,38,204
90,29,10
116,43,845
83,39,24
95,40,163
110,32,850
86,36,140
113,53,720
110,32,845
110,32,725
83,39,143
95,40,135
110,32,724
110,32,708
90,29,14
95,40,100
110,32,764
90,38,152
95,40,41
86,36,134
90,38,150
119,39,1351
119,39,1358
86,35,237
95,40,164
86,35,208
83,39,8
111,32,688
90,29,22
82,27,28
86,36,194
90,38,146
113,53,679
110,32,717
110,32,740
110,32,763
86,35,201
90,38,143
95,40,123
90,29,1
83,39,32
96,40,47
86,36,130
90,38,125
119,39,1355
90,38,192
82,28,13
82,28,3
83,39,30
86,39,269
95,40,117
86,39,237
119,39,1365
83,39,49
95,40,84
83,39,17
86,35,214
110,32,790
82,28,8
96,40,35
86,39,246
96,40,17
119,34,66
95,40,61
110,32,734
95,40,21
116,43,838
86,35,160
110,32,700
110,32,733
86,36,185
95,40,68
95,40,24
95,40,124
113,53,656
83,39,27
90,38,149
86,36,181
86,36,159
82,28,41
83,39,28
110,32,712
110,32,729
82,28,2
89,38,168
111,32,733
90,38,180
83,39,23
110,32,709
116,43,844
83,39,43
86,36,231
96,40,16
95,40,105
86,39,280
111,32,678
110,32,809
90,38,153
82,28,9
113,53,664
116,43,785
110,32,696
86,39,259
83,39,74
119,39,1501
110,32,829
119,39,1341
119,39,2751
86,35,215
90,38,187
110,32,720
90,38,129
86,36,145
116,43,816
113,53,687
86,36,156
119,39,1550
86,39,265
83,39,21
95,40,17
86,36,133
83,39,35
90,38,164
86,39,204
110,32,721
110,32,817
90,38,173
96,40,39
86,36,186
82,27,27
119,39,1413
113,53,689
119,39,1353
113,53,696
95,40,49
119,39,1420
86,36,195
90,38,185
89,38,177
110,32,750
83,39,132
90,38,128
95,40,154
110,32,802
86,36,177
90,38,178
110,32,772
86,39,214
95,40,57
113,53,706
110,32,726
119,34,54
86,39,242
83,39,40
113,53,673
95,40,67
82,28,1
95,40,42
110,32,922
110,32,787
83,39,131
86,36,196
119,34,31
95,40,26
83,39,21
82,28,35
86,36,164
95,40,106
95,40,54
119,39,1361
119,39,1384
90,38,197
119,39,1391
83,39,88
86,36,166
119,39,1385
96,40,18
95,40,56
116,43,791
95,40,142
95,40,62
83,39,125
86,35,186
113,53,658
96,40,36
110,32,754
110,32,810
116,43,834
86,36,197
86,35,178
86,36,187
113,53,697
96,40,32
83,39,18
90,38,200
86,36,172
85,39,266
86,36,226
96,40,53
95,40,134
86,36,167
83,39,61
113,53,686
86,36,182
83,39,136
83,39,53
86,35,167
86,36,212
116,43,840
110,32,715
119,39,1500
90,38,165
90,38,133
119,34,29
86,39,273
86,39,258
90,38,199
90,38,137
119,39,1348
111,32,711
95,40,118
86,35,207
95,40,90
110,32,769
83,39,95
110,32,780
96,40,52
83,39,11
116,43,809
82,27,34
119,39,1495
83,39,22
86,39,231
95,40,34
86,35,202
119,34,36
110,32,735
83,39,39
86,36,232
83,39,35
119,34,9
89,38,161
111,32,677
89,38,166
83,39,115
110,32,890
90,38,169
90,38,211
83,39,85
82,27,2
119,34,3
86,39,234
86,39,261
116,43,811
111,32,737
119,39,1360
119,34,5
86,36,227
86,39,251
113,53,704
82,27,2
96,40,77
95,40,116
96,40,38
86,39,239
119,39,1464
90,38,160
119,39,1748
83,39,62
119,39,1423
83,39,48
110,32,706
110,32,940
119,39,1379
119,39,1345
119,39,1349
83,39,48
119,39,1394
111,32,731
95,40,155
95,40,31
90,29,35
83,39,60
95,40,166
95,40,27
119,39,1582
113,53,668
119,39,1343
82,28,30
82,27,31
110,32,775
110,32,779
110,32,737
83,39,108
110,32,786
90,38,201
111,32,670
95,40,9
111,32,709
83,39,86
119,39,1338
86,36,222
89,38,165
86,36,158
113,53,669
83,39,117
89,38,156
83,39,14
96,40,20
89,38,171
95,40,125
113,53,716
86,36,190
110,32,748
111,32,701
96,40,23
119,39,1382
83,39,126
95,40,79
116,43,782
83,39,123
119,39,1406
86,36,218
113,53,699
86,35,171
86,36,163
116,43,832
119,39,1363
90,38,124
86,35,219
116,43,831
96,40,72
86,36,252
89,30,7
110,32,751
110,32,723
86,39,243
111,32,694
86,39,216
119,39,1569
111,32,751
90,29,30
95,40,99
86,36,169
96,40,100
116,43,821
90,38,198
89,30,2
86,36,173
86,35,234
95,40,159
119,39,1386
86,35,211
86,36,176
86,36,200
86,39,270
119,39,1505
83,39,100
116,43,781
86,36,175
95,40,167
95,40,109
87,36,120
89,38,157
95,40,132
95,40,133
116,43,836
96,40,30
86,35,221
96,40,57
90,38,179
119,39,1373
83,39,76
119,39,1342
110,32,755
83,39,55
83,39,82
83,39,33
83,39,31
95,40,53
119,39,1346
90,38,136
119,39,2601
119,39,1396
119,39,1563
90,38,172
86,35,227
113,53,628
110,32,847
96,40,7
110,32,756
86,36,138
86,35,172
83,39,119
110,32,714
83,39,89
90,38,142
96,40,61
86,39,283
96,40,12
95,40,10
89,38,136
110,32,768
110,32,738
110,32,800
110,32,909
86,35,199
86,36,152
116,43,797
119,34,43
113,53,717
90,38,182
89,38,144
86,36,201
83,39,98
95,40,148
110,32,777
110,32,771
90,38,193
85,39,263
90,38,122
90,38,195
110,32,852
83,39,121
110,32,822
119,34,15
96,40,44
113,53,650
86,35,203
89,38,179
86,39,203
95,40,111
119,39,1357
83,39,135
116,43,803
83,39,56
86,35,231
86,36,123
119,34,73
83,39,134
110,32,812
110,32,744
89,38,145
86,36,220
86,36,204
83,39,40
119,39,1392
83,39,146
83,39,130
96,40,5
119,39,1472
116,43,853
119,39,1387
116,43,817
116,43,848
111,32,781
119,39,1416
95,40,115
90,30,6
111,32,679
116,43,846
110,32,698
83,39,12
96,40,40
86,35,216
83,39,25
113,53,653
82,28,37
111,32,684
111,32,712
86,35,228
82,27,46
85,39,250
110,32,795
83,39,111
82,28,29
110,32,915
95,40,172
96,40,65
119,34,48
110,32,747
83,39,122
95,40,39
116,43,780
119,34,12
90,38,189
110,32,824
119,39,1568
110,32,794
83,39,128
96,40,13
116,43,794
111,32,729
111,32,691
110,32,902
86,36,143
119,39,1479
96,40,59
110,32,828
90,38,134
83,39,103
116,43,827
83,39,42
83,39,58
116,43,810
90,29,12
83,39,138
83,39,72
83,39,155
113,53,651
95,40,168
110,32,757
83,39,104
95,40,25
111,32,715
119,39,1578
110,32,774
96,40,41
119,34,76
110,32,788
113,53,715
83,39,166
86,35,225
119,39,1378
86,36,193
110,32,799
116,43,783
116,43,843
119,34,27
96,40,43
83,39,66
90,38,217
85,39,258
86,35,223
83,39,64
119,34,22
83,39,137
95,40,15
113,53,677
89,29,3
119,39,1381
86,36,144
95,40,137
119,34,124
83,39,106
86,36,229
83,39,54
90,38,183
119,39,1403
111,32,654
116,43,770
111,32,647
111,32,734
89,38,175
82,27,36
83,39,26
86,36,136
119,34,11
96,40,31
116,43,871
113,53,624
82,27,40
87,36,167
86,35,166
119,34,20
119,34,38
86,36,147
89,38,154
83,39,101
113,53,691
119,39,1865
89,38,163
86,36,137
119,34,1
90,38,214
95,40,196
86,35,217
119,39,1426
95,40,28
83,39,41
119,34,37
95,40,195
83,39,96
86,35,245
111,32,653
83,39,91
86,36,207
86,39,275
95,40,2
86,39,268
96,40,62
96,40,11
89,38,160
95,40,171
95,40,160
95,40,23
90,30,9
83,39,78
116,43,835
96,40,15
83,39,124
86,36,189
111,32,697
113,53,652
113,53,659
86,35,244
96,40,46
86,39,217
82,28,44
111,32,675
119,39,1498
83,39,53
110,32,886
119,34,56
86,35,222
90,30,10
90,38,205
89,38,180
89,38,172
119,34,75
90,29,37
85,39,252
86,36,203
96,40,24
86,39,215
86,39,240
83,39,41
90,38,277
95,40,43
86,39,276
116,43,814
82,28,4
111,32,719
86,36,128
89,38,167
116,43,815
116,43,793
83,39,79
89,29,2
82,27,35
83,39,28
82,27,50
83,39,57
95,40,69
96,40,64
86,39,206
119,34,65
110,32,903
119,34,70
86,35,209
119,39,1557
90,29,40
83,39,116
110,31,878
110,32,954
96,40,26
85,39,261
83,39,145
90,38,215
119,34,45
110,32,866
86,36,211
83,39,107
86,35,168
90,38,127
86,39,208
110,32,770
110,32,728
111,32,770
95,40,7
83,39,142
86,39,264
119,39,1397
110,32,707
83,39,7
116,43,805
119,34,21
85,39,262
83,39,112
86,39,282
110,31,829
119,39,1544
119,34,34
119,34,63
90,29,16
110,32,842
95,40,18
95,40,19
89,29,7
83,39,71
116,43,823
86,36,180
83,39,50
119,39,1407
116,43,812
119,34,77
86,39,286
96,40,67
110,32,837
113,53,692
119,34,46
110,32,825
90,29,2
83,39,114
83,39,92
86,39,257
83,39,113
119,34,35
90,30,8
119,34,67
119,34,24
83,39,105
110,32,776
95,40,156
116,43,789
95,40,147
111,32,671
110,31,860
90,38,212
83,39,32
83,39,46
95,40,131
86,35,197
95,40,121
83,39,2
86,36,247
96,40,86
82,27,47
110,32,784
86,35,232
111,32,768
119,34,33
116,43,795
116,43,806
95,40,11
95,40,179
90,38,191
111,32,674
89,38,170
110,32,781
119,39,1552
110,32,912
110,32,716
96,40,28
111,32,649
116,43,841
86,35,163
86,36,258
86,35,210
95,40,110
95,40,141
119,39,1469
83,39,102
110,31,856
119,39,1462
86,35,187
89,38,141
86,39,213
85,39,253
85,39,256
86,35,251
110,32,832
119,39,1572
110,32,838
119,39,1546
111,32,652
113,53,722
89,38,162
86,35,198
86,36,208
110,32,702
111,32,681
119,39,1473
86,36,188
119,34,80
119,39,1491
89,38,158
119,39,1405
86,35,164
119,39,1570
113,53,655
119,39,1425
113,53,660
116,43,824
110,32,808
119,39,1440
83,39,139
111,32,683
95,40,114
119,34,42
110,32,718
119,34,55
111,32,738
83,39,59
116,43,788
110,32,983
86,36,127
95,40,13
119,39,1340
110,32,851
89,30,3
83,39,0
83,39,110
90,38,209
116,43,837
95,40,151
86,36,209
83,39,13
119,39,1415
82,27,1
86,36,198
111,32,740
83,39,34
86,35,212
110,32,963
119,39,1499
116,43,1166
120,39,1817
86,36,215
110,31,859
96,40,6
116,43,802
110,32,833
90,38,135
116,43,866
82,28,40
119,39,1408
111,32,714
113,53,654
116,43,808
96,40,2
119,39,1520
116,43,779
119,39,1431
116,43,790
90,38,213
116,43,787
83,39,52
96,40,63
90,30,7
89,38,184
89,30,5
111,32,816
113,53,683
119,39,1411
96,40,1
83,39,10
87,36,219
86,36,221
119,34,518
111,32,690
95,40,157
111,32,698
90,38,126
111,32,680
119,39,1471
110,32,1292
110,31,886
119,39,1417
90,38,219
111,32,641
83,39,1
95,40,12
86,36,240
82,28,46
89,38,178
95,40,33
83,39,54
85,39,257
96,40,4
90,38,207
85,39,234
111,32,748
83,39,140
111,32,645
110,32,836
110,32,830
95,40,138
111,32,695
110,32,914
86,35,226
83,39,83
119,39,1452
110,31,882
119,39,1419
111,32,724
110,32,834
86,36,236
95,40,3
113,53,712
83,39,51
86,35,224
86,35,239
87,36,224
119,34,25
119,34,57
87,36,125
119,39,1427
86,39,211
95,40,66
86,36,206
89,38,199
116,43,915
96,40,49
110,32,933
96,40,58
119,39,1868
119,39,1339
83,39,118
90,38,184
86,36,213
111,32,702
119,39,1576
96,40,104
86,36,205
83,39,44
83,39,84
89,29,6
120,39,1527
89,38,181
110,32,699
113,53,657
111,32,865
110,32,805
86,39,210
82,27,41
119,39,1459
119,39,1490
110,32,952
86,36,217
83,39,75
83,39,97
86,35,173
86,35,182
90,38,210
116,43,842
82,27,33
116,43,968
116,43,786
110,32,918
95,40,22
110,32,887
119,39,1488
82,28,54
86,36,199
86,36,256
111,32,785
110,32,848
119,39,1938
110,32,897
89,30,4
119,34,51
83,39,3
116,43,900
110,32,861
116,43,813
95,40,139
90,38,120
86,35,189
119,39,2503
82,28,0
119,34,49
111,32,676
86,35,235
111,32,755
86,35,165
119,39,1573
89,38,138
113,53,701
83,39,80
90,38,123
90,38,221
82,28,36
111,32,727
86,36,219
95,40,153
110,32,946
119,34,616
116,43,849
87,36,216
119,39,1497
119,39,1447
110,31,832
96,40,50
86,36,239
119,39,1507
110,32,870
119,34,39
83,39,65
110,31,854
86,36,233
111,32,914
89,30,6
110,32,713
120,39,1564
119,39,1555
113,53,705
111,32,752
86,35,242
86,36,262
85,39,260
119,34,221
119,34,626
113,53,711
111,32,799
86,36,263
113,53,688
111,32,815
85,39,259
82,27,49
111,32,696
89,38,182
111,32,769
86,36,202
85,39,239
89,38,149
116,43,778
87,36,137
87,36,200
82,27,39
119,39,1487
111,32,749
110,32,807
86,36,270
95,40,196
111,32,796
95,40,130
95,40,195
83,39,148
119,34,836
119,39,1451
119,34,52
86,36,125
113,53,721
96,40,70
110,32,1101
119,39,1580
110,32,821
119,34,281
119,39,1494
119,39,1509
113,53,735
111,31,966
86,35,169
119,39,1496
86,35,213
90,38,208
119,39,1583
119,39,1400
86,39,277
110,32,804
87,36,211
86,36,118
86,35,191
113,53,709
119,34,152
96,40,69
119,34,68
90,38,110
89,30,1
110,31,852
95,40,181
111,32,668
96,40,115
119,39,1511
119,34,44
119,39,2312
111,32,745
116,43,804
96,40,93
113,53,734
87,36,159
86,35,179
119,39,1410
113,53,724
86,36,341
110,32,710
86,36,244
111,32,826
119,34,92
119,39,1485
89,30,12
119,39,1478
95,40,176
83,39,43
110,32,976
110,32,891
116,43,862
86,39,207
96,40,85
119,39,1506
95,40,20
116,43,847
119,39,1902
111,32,718
86,39,284
86,39,278
110,32,2356
86,36,237
86,35,177
82,28,43
110,32,839
89,38,159
89,38,142
96,40,90
116,43,910
83,39,150
96,40,93
119,39,1911
96,40,71
89,38,146
110,32,874
119,39,1404
110,32,889
89,30,0
85,39,243
82,28,49
119,34,319
119,34,2
119,39,1430
110,32,881
111,32,767
113,53,698
85,39,251
87,36,174
86,35,180
113,53,622
113,53,614
119,34,79
119,34,61
83,39,8
111,32,741
86,36,223
110,32,801
89,30,1
95,40,165
86,35,230
119,34,230
119,39,1461
119,39,1484
110,32,985
86,36,260
119,39,1409
119,39,1424
111,32,713
86,39,209
113,53,710
85,39,265
111,32,704
119,39,1414
82,28,39
119,39,1526
96,40,95
110,32,783
96,40,83
119,39,1574
113,53,736
119,39,1581
119,39,1793
116,43,877
110,32,827
119,39,2272
87,36,130
113,53,707
113,53,646
119,39,1421
86,35,181
113,53,623
113,53,714
119,34,58
116,43,897
119,39,1540
111,32,825
82,27,45
95,40,145
83,39,109
111,32,750
110,32,854
95,40,170
113,53,640
110,32,841
119,39,1395
89,38,164
86,35,183
119,39,1483
111,32,866
110,32,892
119,39,1433
113,53,629
110,32,910
89,38,155
111,32,756
83,39,47
86,36,272
111,32,754
119,34,72
119,34,100
119,39,1566
110,31,888
116,43,867
110,32,855
110,32,813
90,29,5
119,39,1438
96,40,111
111,32,744
119,39,1534
111,32,643
110,32,906
83,39,55
113,53,690
116,43,870
119,39,1486
119,39,1468
113,53,713
119,34,103
119,39,1402
111,32,804
113,53,719
116,43,1162
86,36,122
110,31,857
95,40,136
119,34,201
86,36,214
96,40,154
86,36,120
110,32,846
119,39,1517
119,34,220
89,38,153
111,32,829
119,39,1564
113,53,702
86,35,188
111,32,766
90,38,119
116,43,859
86,35,194
96,40,95
90,38,216
110,32,993
90,29,18
90,38,253
110,32,888
119,39,1752
110,31,1019
111,32,776
119,39,1679
90,38,236
86,39,279
110,32,917
116,43,920
82,27,42
86,36,225
119,39,1422
119,39,1492
86,36,265
119,34,69
110,32,905
111,32,807
111,32,682
110,32,835
82,27,38
111,32,689
116,43,868
89,38,147
86,36,268
82,28,50
82,28,4
82,28,38
116,43,767
86,35,218
119,34,149
96,40,80
86,35,190
96,40,68
119,34,53
111,32,730
95,40,182
113,53,618
110,32,1020
111,32,747
116,43,855
89,38,150
110,32,884
95,40,14
85,39,235
95,40,4
90,29,29
119,39,1336
113,53,700
116,43,861
110,32,856
110,32,816
87,36,123
86,36,264
86,36,283
111,32,624
110,31,873
110,32,871
110,32,814
113,53,647
119,34,82
119,34,883
119,39,1439
119,34,99
110,32,798
119,39,1539
110,31,874
86,36,251
113,53,627
110,31,845
86,36,273
86,36,250
95,40,183
119,39,1525
110,32,919
110,32,880
116,43,2055
119,34,892
110,32,924
85,39,242
113,53,725
110,32,926
111,32,720
111,32,803
85,39,264
95,40,5
83,39,3
120,39,1522
90,38,118
87,36,217
110,32,826
85,39,231
96,40,3
119,34,285
110,32,878
90,38,279
82,28,48
83,39,170
86,35,240
86,36,255
96,40,78
86,35,205
89,38,129
86,35,159
87,36,212
110,32,961
110,31,863
83,39,144
111,32,699
113,53,694
110,32,894
119,39,1528
111,32,658
119,39,1456
95,40,204
111,32,672
86,39,205
110,32,943
111,32,706
110,32,939
120,39,1825
110,32,959
95,40,150
110,32,820
90,29,3
111,32,746
87,36,171
82,27,37
89,29,0
83,39,81
116,43,895
119,39,1432
82,28,42
86,36,121
86,35,193
87,35,258
90,30,2
119,39,1337
110,31,866
119,39,1556
89,38,151
111,32,693
110,32,929
85,39,247
110,32,831
110,32,907
86,36,119
119,39,1477
96,40,99
119,39,1558
119,34,86
111,32,703
89,29,1
110,32,957
110,32,901
110,31,881
116,43,850
116,43,1115
113,53,740
110,32,955
83,39,5
83,39,147
86,36,230
83,39,152
119,39,1523
113,53,625
119,39,1429
111,32,630
89,38,134
87,35,206
86,35,184
110,31,848
96,40,66
116,43,851
86,35,238
119,39,1554
119,34,71
119,34,413
111,32,808
119,39,2647
83,39,59
116,43,852
89,38,183
111,32,708
119,39,1533
111,32,806
119,39,1567
83,39,162
110,32,863
96,40,84
87,36,128
87,36,161
95,40,152
86,36,254
119,39,1904
119,34,165
116,43,884
82,27,44
119,34,252
110,32,931
119,39,1941
116,43,860
110,31,861
116,43,1089
119,39,1441
86,35,233
86,36,234
119,34,81
111,32,638
119,34,170
116,43,921
86,39,285
111,32,802
113,53,648
95,40,180
110,32,864
113,53,609
89,29,8
111,32,789
95,40,192
116,43,864
110,32,823
119,34,47
120,39,1711
83,39,151
110,32,840
110,32,815
110,31,903
119,34,191
110,32,859
110,32,930
119,34,701
96,40,108
90,38,267
119,39,2175
113,53,703
110,31,884
96,40,113
89,38,137
116,43,878
82,28,51
119,39,1892
110,31,926
82,28,63
111,32,721
86,36,246
86,39,288
111,32,637
96,40,102
82,27,43
116,43,872
86,39,202
116,43,918
110,32,876
110,32,1034
87,35,261
83,39,6
110,32,904
111,32,739
119,39,1527
110,32,1734
116,43,873
110,31,868
116,43,854
113,53,695
85,39,254
113,53,642
86,36,259
119,39,1586
119,39,1480
110,32,695
87,36,178
83,39,4
111,32,657
119,39,1399
90,29,26
113,53,718
90,29,20
110,32,967
111,32,728
86,35,176
119,34,934
95,40,251
95,40,194
87,36,220
90,38,233
111,32,659
119,34,74
87,36,121
110,32,694
119,39,1559
119,39,1475
89,38,139
110,32,1039
87,36,243
119,39,1390
86,36,245
119,34,196
119,34,235
86,36,228
119,39,1561
82,28,62
111,32,650
110,31,853
119,34,932
119,39,1585
119,39,1489
119,34,205
119,34,133
119,39,1437
110,32,916
111,32,742
111,32,778
110,32,947
111,32,716
86,36,235
119,39,1502
119,34,87
119,34,148
113,53,630
86,35,195
119,39,1548
90,30,11
111,32,642
95,40,210
95,40,198
86,35,175
111,32,726
111,32,801
82,28,57
86,35,250
120,39,1855
110,32,853
96,40,124
110,32,1043
111,32,763
110,32,869
96,40,1
116,43,774
89,29,15
90,38,218
120,39,1818
82,28,47
86,35,162
83,39,6
89,38,148
83,39,5
82,27,51
119,34,166
110,32,960
111,32,669
83,39,58
113,53,633
110,32,1050
119,34,129
95,40,177
87,36,175
119,34,444
87,36,186
113,53,733
96,40,0
82,28,59
111,32,780
86,39,201
111,32,792
87,36,177
119,39,1897
96,40,117
96,40,96
111,32,656
119,39,1450
87,36,170
89,38,133
119,34,299
119,39,1535
119,39,1542
87,35,259
113,53,621
90,38,286
111,32,761
116,43,769
111,32,757
90,38,242
110,32,1025
83,39,2
83,39,153
119,39,1560
119,34,287
86,35,241
87,36,228
119,34,177
85,39,267
82,28,61
110,32,2572
119,39,1504
119,34,145
119,34,158
93,42,196
119,34,84
86,39,281
85,39,241
111,32,758
111,32,809
111,32,864
86,35,170
119,34,32
119,39,1467
111,32,765
110,31,877
86,36,266
119,39,1669
95,40,193
111,32,732
86,35,253
119,39,1606
110,32,969
116,43,856
96,40,119
119,34,161
96,40,87
120,39,1821
86,39,289
113,53,619
119,39,1466
95,40,207
110,32,819
119,39,1562
119,34,128
87,36,225
89,38,143
119,39,1536
111,32,858
86,35,248
113,53,620
116,43,775
86,36,277
111,32,686
110,32,893
110,32,990
111,32,707
119,34,89
95,40,189
110,32,862
119,39,1611
86,35,243
120,39,1894
111,32,723
119,39,1584
116,43,875
119,34,111
86,35,161
89,38,187
96,40,112
119,39,1398
119,34,108
119,34,864
89,38,135
95,40,191
111,32,662
116,43,857
90,38,239
110,32,882
116,43,1148
95,40,197
96,40,81
86,36,124
110,32,867
116,43,765
86,36,249
90,38,254
119,39,1510
110,32,2536
110,31,825
90,38,270
87,36,134
87,36,234
110,32,1001
87,36,190
89,38,140
111,32,784
111,32,834
119,39,1524
113,53,626
111,32,722
110,31,1016
119,39,1804
111,32,777
95,40,211
116,43,865
119,34,106
111,32,787
111,32,622
113,53,649
90,29,6
96,40,76
119,34,159
95,40,188
95,40,2
116,43,858
111,32,639
110,32,2340
111,32,628
95,40,178
119,39,1515
119,39,1434
119,39,1551
110,32,844
86,36,269
85,39,240
110,32,941
119,39,1508
86,36,253
119,39,1565
119,39,1516
110,31,838
110,32,979
85,39,249
90,38,238
86,36,238
119,34,914
116,43,874
111,32,705
119,34,163
120,39,1709
119,34,169
86,35,270
110,31,1022
116,43,894
111,32,661
111,32,790
110,32,1028
116,43,914
111,32,762
119,39,1321
96,40,116
86,35,265
83,39,4
111,32,648
120,39,1931
116,43,941
120,39,1530
119,39,1553
119,39,1482
119,34,178
111,32,821
110,31,1072
90,38,224
116,43,2032
85,39,245
119,39,1913
119,34,138
119,34,110
120,39,1694
110,31,994
120,39,1812
85,39,248
119,34,350
86,35,249
110,32,1035
113,53,751
90,38,121
110,32,697
110,32,865
87,36,131
119,39,1537
86,35,279
116,43,980
89,38,131
90,38,117
86,35,174
110,32,936
116,43,760
86,36,274
96,40,97
119,34,78
113,53,729
90,38,225
87,36,222
119,39,1435
119,39,1883
90,38,255
111,32,812
110,32,913
87,36,202
111,32,772
111,32,634
85,39,244
111,32,632
119,39,1872
95,40,185
119,34,102
111,32,743
111,32,782
87,35,253
86,36,282
116,43,879
85,39,233
119,39,1519
83,39,57
113,53,613
89,29,10
87,36,189
96,40,105
119,39,1446
119,34,839
110,32,964
110,32,998
119,34,123
110,32,873
111,32,862
95,40,6
89,38,197
111,32,882
110,32,951
111,32,753
111,32,836
111,32,857
111,32,779
111,32,932
111,32,635
119,34,312
119,39,1587
116,43,1718
116,43,771
111,32,986
110,32,997
119,39,1675
89,38,130
111,32,615
110,32,927
119,39,1530
110,31,904
119,34,212
110,32,2366
110,31,1049
86,35,157
110,32,984
119,39,1588
119,34,120
110,32,1015
85,39,269
96,40,82
90,38,226
119,34,154
119,39,1512
110,31,890
86,36,241
110,32,987
90,38,280
86,36,116
119,39,1575
119,39,1577
82,28,70
87,36,144
111,32,633
86,36,113
110,32,2777
110,31,824
111,32,791
119,34,335
119,34,41
119,39,2529
82,28,64
92,43,320
119,34,104
116,43,863
110,32,872
110,31,876
110,31,1077
116,43,880
113,53,643
110,32,2401
119,34,141
119,34,231
87,36,132
95,40,219
119,34,353
119,34,371
111,32,673
119,39,1333
119,34,107
116,43,912
119,34,162
116,43,927
119,34,251
87,36,208
90,38,287
110,32,937
86,35,254
85,39,246
119,34,91
119,39,1453
110,32,868
116,43,917
116,43,981
110,31,943
110,32,975
90,38,274
110,31,887
90,38,271
119,39,1326
119,39,1857
83,39,160
113,53,723
110,32,2790
111,32,663
111,31,962
110,32,899
83,39,181
82,28,2
119,39,1448
110,32,968
119,39,1822
110,32,1370
119,39,1457
86,35,158
119,39,1418
119,39,1595
111,32,625
119,34,337
119,39,1531
82,28,53
119,39,1681
119,63,33
89,71,27
108,69,99
101,101,176
105,68,126
127,48,104
129,35,59
125,87,170
101,48,73
115,98,109
103,42,168
116,97,94
112,119,131
130,114,109
125,87,122
97,75,40
125,81,139
81,77,23
89,71,113
92,103,161
79,83,56
92,103,48
116,53,134
78,31,42
81,92,171
123,111,60
76,89,50
79,83,104
93,58,102
91,74,147
116,97,159
88,76,97
92,72,149
127,106,176
78,45,115
129,35,42
116,80,58
88,76,73
85,85,134
129,56,136
112,119,177
105,68,77
86,90,166
112,119,61
92,61,38
115,40,128
98,84,62
123,111,75
101,116,64
129,56,175
79,69,143
93,28,80
76,89,87
85,87,174
98,84,91
104,107,66
116,97,93
93,28,33
92,72,109
85,62,118
109,47,108
107,108,37
123,118,125
85,62,166
98,84,151
130,114,135
76,27,123
107,108,64
114,87,151
127,48,176
116,94,169
108,69,117
81,120,53
101,48,55
123,117,152
86,90,24
119,63,93
121,107,42
78,31,179
98,84,115
118,70,110
118,70,171
116,27,89
78,99,179
78,31,63
85,38,29
123,117,169
98,80,141
125,45,120
125,81,133
125,45,56
115,40,23
81,120,35
126,118,155
85,38,25
92,103,180
85,64,174
91,115,54
78,37,145
116,80,132
78,37,90
93,51,101
130,114,153
109,80,71
116,53,109
126,118,158
90,47,139
78,31,98
91,115,139
130,114,110
104,60,112
81,109,50
130,114,60
107,108,102
81,77,175
91,74,176
128,85,23
89,113,142
101,48,49
97,28,139
108,69,101
123,117,171
81,92,124
101,48,146
114,43,162
107,108,92
123,111,93
89,113,34
79,69,108
108,69,89
84,104,101
104,107,82
89,71,157
76,103,173
96,35,23
130,114,154
81,92,66
123,117,137
85,104,24
85,38,169
124,84,92
104,107,146
96,35,122
88,76,59
116,53,95
77,49,156
85,38,87
86,90,45
92,103,63
85,38,101
81,114,52
125,45,131
98,84,34
94,69,121
125,45,142
88,76,87
89,71,90
114,43,77
98,84,93
86,41,124
107,82,104
104,60,99
130,114,23
107,82,170
78,99,153
93,51,158
115,98,165
98,80,57
114,117,66
116,27,173
78,45,110
85,64,41
81,114,98
81,120,86
118,91,61
85,104,152
124,84,34
116,27,113
128,89,84
101,116,43
130,114,34
121,107,99
128,85,180
116,27,60
115,98,100
98,84,137
107,48,89
76,103,38
128,85,65
94,69,67
114,93,138
125,87,149
97,75,146
76,89,28
102,118,115
81,77,57
88,76,29
125,87,82
112,119,100
103,42,73
89,71,143
112,119,158
103,42,102
115,40,148
125,45,48
98,80,112
119,63,45
81,77,32
116,97,172
114,117,116
104,107,80
91,74,129
91,115,168
85,104,81
123,117,138
81,109,109
120,96,83
107,82,88
81,114,99
93,58,120
109,80,150
90,47,30
101,116,177
97,75,135
107,108,119
128,85,41
78,31,29
86,41,80
85,104,77
114,43,67
93,58,75
105,68,26
105,68,106
76,35,143
85,85,114
118,70,80
93,51,42
101,116,114
92,103,164
93,28,48
85,38,169
77,47,105
96,35,146
107,48,123
94,69,128
128,85,121
118,70,52
123,118,145
76,35,49
91,115,93
78,45,91
121,107,99
81,109,35
127,106,108
76,27,85
85,104,138
81,114,109
96,68,27
89,113,145
79,83,22
96,68,88
100,45,141
114,117,52
116,80,111
123,118,39
118,91,31
101,116,171
114,117,22
91,74,44
129,56,164
129,56,104
121,107,25
78,99,20
85,87,142
120,96,45
81,109,138
123,117,108
83,71,56
97,75,138
119,63,137
86,90,50
116,97,23
79,83,147
96,47,36
125,81,110
126,118,83
76,35,106
86,34,42
79,69,167
76,27,155
81,120,96
112,119,49
118,91,142
103,42,93
98,80,83
121,107,70
77,49,44
116,27,174
78,45,20
107,108,131
128,82,103
94,69,46
107,82,93
109,47,153
107,108,145
93,28,75
88,76,134
77,49,111
84,104,116
77,49,114
116,94,158
116,80,105
81,77,72
96,47,58
85,87,154
81,109,132
86,41,167
85,85,50
85,85,82
114,93,153
116,80,49
81,114,175
102,118,120
77,49,73
85,87,42
85,104,96
76,35,173
95,46,152
84,104,180
105,68,165
93,51,103
127,48,88
128,85,82
127,48,51
86,41,121
128,82,55
93,28,140
107,82,179
118,70,26
90,47,95
112,119,65
116,27,107
109,47,171
89,71,145
127,106,107
114,93,81
85,87,177
120,96,43
88,76,125
86,90,47
114,87,74
76,89,118
85,62,69
93,51,149
114,87,59
101,48,44
102,118,166
107,108,121
116,53,32
92,103,104
116,80,141
93,58,104
129,35,79
78,99,32
98,80,36
119,63,130
118,70,70
94,69,134
92,103,42
129,35,132
95,46,45
82,40,68
93,51,110
79,69,123
115,98,130
93,28,166
78,99,140
109,47,170
96,35,80
86,34,133
97,28,126
118,70,100
85,62,155
94,69,94
118,91,174
119,63,102
88,76,91
97,75,67
114,43,61
76,27,112
86,90,75
128,82,160
114,43,139
96,47,94
98,80,33
116,80,109
114,93,77
76,27,25
116,27,66
125,45,57
76,35,128
86,41,51
90,63,61
123,118,66
96,68,26
98,80,40
76,27,113
84,104,53
125,87,180
90,63,109
83,71,123
76,35,67
107,108,144
125,81,44
116,94,20
81,92,110
81,114,111
76,27,93
76,89,173
100,45,40
79,83,41
77,47,161
83,117,112
91,74,156
125,81,59
86,90,172
92,103,123
83,117,124
96,35,177
107,48,143
128,89,79
93,58,77
101,101,166
100,45,96
90,63,52
107,48,140
107,82,97
101,48,87
83,71,39
128,89,94
96,35,34
81,114,129
101,116,104
100,45,168
78,45,27
88,76,24
90,47,117
97,75,148
76,103,155
88,76,28
130,114,29
97,75,49
101,116,167
120,96,169
85,64,113
83,71,52
127,106,63
128,85,30
96,68,88
125,87,64
76,103,153
125,45,139
98,84,22
83,117,152
103,42,130
78,45,67
116,94,168
118,70,73
102,118,65
123,118,39
85,104,105
118,70,59
109,80,54
114,43,177
92,103,114
82,40,41
125,87,48
81,120,153
101,101,49
121,107,93
100,45,57
128,89,102
100,45,118
124,84,148
101,48,54
120,96,38
121,107,158
100,45,59
114,43,35
96,47,88
78,37,150
78,99,153
127,106,78
101,116,99
101,101,172
115,98,163
90,63,60
90,47,37
98,84,173
83,117,169
101,48,39
101,48,45
95,46,118
123,111,166
128,82,179
116,97,47
116,80,171
125,45,178
77,49,108
101,48,135
127,48,173
107,48,146
81,92,75
102,118,166
107,48,144
105,68,57
107,48,30
104,107,95
102,118,174
125,81,70
83,71,148
107,108,138
103,42,92
114,87,169
123,117,120
86,34,179
85,85,75
86,41,131
101,116,25
109,80,99
81,109,74
90,63,137
116,97,26
98,80,66
128,85,99
116,53,95
86,90,146
91,74,24
130,114,107
76,35,144
90,63,46
88,76,66
94,69,34
123,118,105
109,80,40
103,42,93
109,47,86
109,47,148
92,61,161
79,69,118
92,72,113
86,34,31
128,85,157
93,58,81
78,99,127
101,101,50
83,117,137
118,91,170
124,84,126
96,35,35
128,82,52
85,38,122
78,31,159
96,47,78
115,40,77
86,41,68
129,35,69
126,118,132
83,71,119
116,94,71
76,89,156
115,40,66
97,28,107
98,80,93
121,107,69
126,118,157
77,49,154
115,40,93
107,48,180
83,117,153
91,115,25
78,31,175
123,111,44
92,61,57
79,83,122
109,80,46
85,64,161
114,93,99
120,96,99
85,104,97
92,61,56
76,89,125
90,63,57
128,82,107
93,58,25
115,98,31
77,49,51
78,99,99
118,91,137
90,63,102
94,69,78
86,41,161
82,40,141
116,27,156
82,40,65
89,113,137
118,91,39
118,91,83
123,111,135
81,77,98
89,71,55
108,69,59
123,111,118
104,107,180
125,87,37
76,89,116
116,97,106
77,47,72
125,87,32
90,63,83
85,104,63
91,115,87
107,108,27
85,62,63
116,80,177
79,69,33
78,45,57
90,63,153
91,74,32
104,107,21
129,35,98
103,42,146
104,60,68
76,103,89
89,71,134
93,28,114
121,107,31
125,87,62
78,99,69
96,68,170
85,104,173
114,87,71
101,48,48
85,38,64
79,69,53
108,69,43
89,113,159
121,107,68
101,116,66
93,28,163
78,45,100
114,43,85
81,92,36
128,89,143
84,104,98
98,84,42
81,114,165
116,27,102
78,31,180
85,104,177
120,96,176
81,77,103
100,45,22
76,35,81
103,42,97
125,45,73
123,117,141
76,103,117
96,47,110
101,116,90
118,91,77
126,118,103
85,62,113
105,68,145
96,35,48
89,71,94
125,45,50
92,61,20
81,109,20
92,61,119
109,47,179
78,99,75
94,69,168
78,99,75
94,69,115
118,91,84
129,35,54
107,82,94
125,81,122
128,82,100
104,107,49
78,99,49
78,99,102
128,89,32
116,97,62
98,80,98
118,70,99
102,118,32
76,103,86
116,27,35
128,89,178
89,71,172
85,62,141
114,87,28
116,80,74
115,40,150
86,41,54
123,117,133
103,42,38
78,31,86
101,116,41
121,107,129
78,31,119
96,35,153
79,69,124
109,80,158
78,37,123
93,28,104
81,120,134
97,75,75
93,51,45
85,64,110
116,80,56
96,68,109
105,68,93
100,45,54
78,31,42
79,83,31
128,89,131
90,47,55
83,117,101
78,37,129
94,69,87
91,115,33
121,107,131
76,89,54
91,115,101
89,71,29
101,116,34
124,84,99
118,70,24
93,58,162
81,120,27
105,68,35
83,71,74
85,62,20
109,47,96
76,27,155
126,118,100
129,56,140
102,118,172
85,104,24
82,40,45
112,119,160
76,35,122
115,40,49
109,80,153
121,107,92
107,48,172
114,87,153
127,106,73
125,45,100
96,35,53
81,109,101
101,48,36
101,101,111
94,69,95
114,117,106
125,87,53
104,107,86
85,64,152
98,80,111
81,92,83
119,63,30
107,82,21
118,70,143
103,42,174
105,68,92
76,103,145
114,93,22
108,69,108
96,35,86
112,119,149
101,101,130
127,48,159
83,117,157
76,103,44
124,84,156
76,35,89
130,114,49
124,84,71
125,45,129
95,46,32
94,69,107
86,34,22
92,103,113
78,99,70
125,81,150
93,51,162
85,87,26
114,87,96
96,68,139
93,28,126
114,43,67
116,27,82
91,74,176
125,45,41
77,47,162
103,42,34
84,104,149
98,84,116
116,80,25
81,120,167
81,120,146
128,85,31
96,35,111
89,113,122
112,119,57
76,27,76
81,120,53
85,64,24
81,109,145
77,47,98
85,38,140
86,41,169
85,87,48
83,117,21
107,108,138
114,93,108
130,114,122
86,41,94
123,111,180
107,108,24
100,45,91
96,47,87
76,103,173
97,75,59
85,87,136
85,85,65
76,35,161
125,87,97
116,94,117
78,99,124
86,34,180
85,87,59
90,47,39
86,41,157
101,101,92
88,76,87
125,87,56
83,71,165
85,85,61
126,118,146
81,109,20
104,107,142
85,62,65
103,42,50
92,61,105
76,35,131
96,47,27
109,80,180
112,119,131
88,76,36
127,48,134
90,47,39
114,43,46
101,101,130
79,69,61
91,115,45
97,28,150
101,116,138
118,91,167
98,80,165
85,104,99
91,115,65
125,87,56
127,48,168
116,94,78
114,93,53
93,28,140
101,48,99
114,117,100
126,118,61
94,69,85
77,49,180
118,91,66
119,63,156
107,48,133
116,94,99
85,87,147
91,115,142
94,69,106
92,72,100
85,104,155
85,85,35
88,76,123
107,48,139
114,93,79
78,45,65
83,71,37
98,80,149
125,45,170
114,87,84
79,83,147
130,114,113
123,111,93
82,40,133
123,111,105
86,41,86
93,28,77
83,117,119
81,114,94
115,98,165
85,85,55
107,108,109
85,87,119
76,103,136
114,117,120
85,104,108
126,118,82
128,82,118
97,75,52
124,84,29
97,75,105
94,69,180
125,87,162
104,60,140
123,118,98
86,34,127
129,35,153
124,84,180
114,93,30
115,98,74
100,45,73
86,90,123
89,71,112
90,47,132
116,97,123
121,107,134
128,89,109
76,103,127
112,119,127
93,58,21
120,96,88
115,98,48
83,117,171
94,69,66
116,97,141
125,87,122
129,35,21
104,60,151
125,87,145
127,48,137
127,48,167
90,47,36
116,94,151
119,63,98
90,63,138
76,35,36
114,87,125
103,42,167
114,43,167
125,87,102
101,116,77
101,48,103
78,99,81
104,107,145
97,75,24
81,77,72
76,89,119
129,56,131
76,35,21
90,63,63
85,62,96
127,48,152
125,81,56
102,118,24
118,91,35
114,93,138
85,87,20
95,46,69
81,92,80
116,97,115
93,58,77
81,77,29
81,109,144
119,63,22
83,117,95
114,117,71
81,92,139
108,69,113
97,28,161
83,117,153
123,118,118
76,103,101
76,89,125
105,68,83
93,28,53
114,87,57
115,40,38
127,48,117
116,53,105
78,37,37
107,48,130
78,31,84
119,63,157
96,35,107
97,75,24
116,27,78
104,107,74
108,69,104
116,94,23
79,69,99
107,48,92
98,84,75
93,58,159
115,40,148
86,90,23
85,38,164
101,116,130
124,84,177
128,89,134
78,45,116
128,82,43
109,47,161
125,87,26
77,49,38
83,117,47
78,31,152
107,108,29
93,28,149
92,72,104
103,42,77
85,104,33
116,97,37
85,62,29
100,45,96
88,76,32
118,70,28
105,68,127
128,85,129
125,81,51
101,48,32
107,48,46
112,119,72
104,60,64
100,45,118
85,85,97
81,120,179
84,104,36
101,48,130
81,114,154
89,71,136
109,80,135
81,77,31
115,98,122
85,104,67
78,31,127
85,85,65
123,111,51
79,83,89
116,97,26
128,85,50
103,42,33
89,71,123
126,118,52
115,40,88
128,85,73
101,116,79
96,68,86
97,28,149
93,51,59
93,58,41
100,45,76
91,115,41
120,96,167
112,119,144
104,107,161
92,103,108
78,37,106
129,56,165
78,45,140
108,69,165
127,106,158
96,47,171
96,35,110
129,56,60
120,96,109
83,71,31
76,103,163
94,69,168
92,61,62
83,71,124
85,64,39
93,58,123
76,27,105
96,68,78
109,80,140
84,104,175
104,60,134
103,42,160
93,51,141
109,80,98
78,99,69
108,69,165
76,27,167
114,117,138
118,70,157
114,87,54
81,92,160
96,35,142
120,96,61
104,60,174
100,45,140
116,80,134
92,61,139
91,74,132
124,84,103
116,80,58
92,103,56
100,45,154
102,118,131
93,58,167
91,74,166
88,76,22
118,91,89
101,101,109
127,48,123
76,35,171
98,80,114
89,113,173
85,62,174
120,96,102
89,71,30
126,118,63
85,62,115
104,107,123
107,82,167
91,74,29
115,98,35
109,47,175
85,38,28
81,92,117
104,60,132
114,93,102
76,35,104
86,90,179
78,37,129
81,109,22
85,62,123
107,48,135
76,27,121
81,92,139
85,38,104
83,71,103
130,114,44
84,104,74
78,31,83
127,106,121
107,108,81
103,42,120
93,58,72
123,117,69
83,117,122
81,109,87
114,117,116
104,60,141
107,108,121
76,27,88
92,61,68
104,60,22
98,80,81
104,60,161
79,83,121
105,68,89
77,49,25
116,27,137
104,107,130
77,47,41
130,114,42
104,107,161
85,85,106
96,68,63
85,64,66
94,69,32
101,116,166
125,45,74
128,82,128
86,41,72
89,71,91
114,117,153
101,48,32
96,68,161
76,27,24
93,58,52
101,48,140
85,64,64
97,28,42
89,71,46
118,91,132
128,82,83
128,85,154
94,69,152
114,93,30
101,48,152
77,49,124
104,60,121
116,94,142
124,84,91
81,120,163
98,80,157
81,114,60
92,103,140
125,87,96
85,104,162
98,80,104
76,35,130
129,35,173
114,93,127
128,85,34
103,42,53
114,93,86
115,98,162
93,28,51
97,28,169
78,31,42
104,107,111
89,71,44
92,72,107
76,27,161
86,34,28
116,80,170
94,69,77
85,87,103
81,77,149
128,85,98
119,63,169
85,62,165
103,42,162
123,118,54
89,113,130
86,34,120
96,47,90
89,113,146
101,48,54
92,103,39
123,118,95
125,45,170
79,69,125
88,76,29
130,114,139
115,98,64
92,103,165
90,47,55
126,118,108
77,49,134
81,109,175
76,27,117
90,47,99
92,72,161
96,35,104
101,48,171
100,45,88
107,48,41
86,41,88
126,118,140
129,35,150
91,74,94
103,42,167
77,47,66
101,116,82
85,64,21
129,35,105
114,43,125
101,101,141
76,35,137
85,64,102
94,69,157
103,42,79
118,70,31
86,90,65
78,37,72
85,62,111
93,28,89
105,68,160
85,64,44
78,45,111
116,53,72
78,45,141
114,43,34
96,47,48
115,98,116
76,35,59
81,120,120
116,97,60
86,41,164
86,34,88
83,71,152
92,61,180
128,89,142
100,45,108
90,47,144
109,47,180
78,45,164
116,94,68
78,31,93
118,91,114
93,28,143
79,69,23
116,80,160
127,48,42
125,81,147
107,48,102
123,117,32
96,68,102
129,35,81
116,53,179
130,114,139
114,87,157
81,92,125
107,82,24
125,81,118
104,60,36
107,48,96
129,35,80
85,87,95
78,31,96
104,107,136
98,80,40
85,64,159
116,80,86
107,82,164
126,118,31
130,114,90
105,68,173
83,71,112
93,58,42
77,47,61
116,80,153
114,93,116
123,111,25
97,75,165
81,77,91
123,111,91
86,34,92
114,43,180
124,84,119
125,45,98
81,109,113
123,117,75
91,74,84
97,75,107
130,114,38
97,28,97
76,89,148
93,58,59
116,97,130
85,104,150
116,80,82
92,103,166
85,104,124
123,117,124
98,80,25
124,84,171
85,87,26
79,83,43
114,93,160
116,97,134
105,68,89
115,40,154
78,31,29
76,27,174
96,47,71
107,82,125
112,119,152
86,41,164
85,62,54
76,89,105
91,74,77
118,70,38
114,93,84
124,84,20
89,113,161
126,118,23
91,74,84
115,98,35
121,107,104
108,69,35
128,82,38
103,42,99
90,63,89
78,31,111
77,49,173
116,97,43
126,118,75
78,99,42
129,35,84
114,117,88
103,42,24
123,117,64
76,27,39
95,46,176
101,101,28
124,84,47
78,37,179
103,42,100
115,98,24
128,82,53
123,117,97
83,117,53
92,72,25
84,104,75
119,63,75
76,27,43
114,43,173
96,35,29
97,75,141
98,80,54
81,114,121
105,68,77
86,41,80
97,28,24
90,47,84
128,82,103
101,101,135
92,72,76
88,76,129
109,80,145
115,40,61
97,28,49
101,48,103
114,87,49
107,108,62
89,71,180
127,48,84
100,45,130
104,107,167
101,116,144
94,69,125
124,84,152
124,84,172
101,101,163
100,45,24
92,61,173
120,96,168
114,93,74
81,109,161
78,45,118
116,53,150
92,61,98
108,69,95
115,98,140
125,45,127
83,71,108
128,82,180
114,117,26
126,118,49
93,28,158
86,41,105
125,87,93
79,83,97
128,89,170
102,118,116
81,120,102
116,53,109
116,97,112
123,117,151
97,28,99
114,43,76
85,85,56
89,71,38
114,87,63
79,83,48
76,27,174
123,117,171
78,99,39
77,49,34
124,84,177
127,106,165
105,68,44
102,118,119
100,45,141
104,107,107
89,71,74
76,35,149
107,82,67
78,37,87
82,40,87
77,49,91
85,87,59
91,74,164
93,51,40
96,68,98
116,97,20
116,94,131
116,97,60
107,108,136
114,43,52
81,120,132
88,76,85
86,41,60
76,27,115
79,69,103
121,107,156
116,94,153
114,87,122
85,64,28
105,68,164
130,114,83
76,103,154
85,87,72
114,87,108
116,27,173
128,82,32
78,31,155
101,48,68
85,85,161
105,68,136
108,69,65
123,118,50
81,109,164
89,71,108
90,47,173
128,82,166
103,42,124
85,64,175
76,103,108
115,40,177
79,69,174
115,98,59
116,53,43
118,91,115
114,117,33
127,48,31
94,69,121
98,80,126
129,56,152
118,91,46
85,87,165
92,103,133
96,47,120
97,75,35
93,28,43
85,62,152
107,82,123
81,120,143
123,117,32
105,68,66
94,69,136
77,47,176
85,104,53
93,51,59
84,104,179
107,108,88
104,60,41
90,63,83
114,43,28
84,104,165
97,75,158
90,47,55
109,80,120
116,27,23
105,68,80
129,56,133
83,117,163
77,47,161
96,68,54
109,47,20
114,87,169
100,45,64
107,82,89
116,53,38
89,113,31
96,68,49
91,115,117
129,56,63
97,28,97
92,103,93
78,31,149
96,68,25
91,115,165
128,89,26
107,48,144
93,58,173
82,40,62
78,99,75
115,98,33
93,28,116
83,71,31
79,69,75
86,41,57
81,120,33
94,69,102
108,69,173
104,107,114
93,28,65
116,97,103
76,103,108
129,56,118
98,80,179
101,48,31
124,84,22
93,28,87
114,117,180
104,107,137
118,91,174
94,69,122
93,58,130
125,81,176
104,107,69
124,84,70
81,114,106
95,46,56
101,116,23
121,107,97
116,94,161
81,120,39
124,84,129
101,116,164
101,116,138
89,71,41
88,76,26
128,82,32
97,28,31
82,40,72
79,83,32
120,96,23
96,47,148
79,69,68
92,61,104
96,35,167
77,49,50
100,45,71
77,49,102
76,27,176
128,89,150
93,28,129
91,115,77
97,28,77
128,85,59
98,84,113
89,71,98
81,114,75
112,119,72
128,85,126
118,70,157
114,87,166
79,69,40
118,70,47
104,60,37
103,42,64
88,76,136
96,47,80
114,93,92
103,42,110
90,63,152
109,80,29
101,48,158
108,69,20
114,43,69
86,90,172
83,71,43
107,48,114
119,63,26
94,69,75
123,117,37
85,62,113
128,85,150
93,28,167
96,68,76
89,71,49
98,84,74
101,48,64
98,84,27
123,117,97
120,96,37
92,103,25
76,27,133
120,96,73
96,47,95
129,56,29
85,104,87
108,69,78
96,35,31
109,80,94
116,97,119
123,117,97
97,75,136
130,114,130
125,81,179
91,74,57
90,47,150
89,113,174
101,48,96
84,104,113
93,28,105
76,89,48
88,76,54
123,118,62
126,118,104
78,31,107
81,77,170
86,34,104
92,103,42
88,76,20
82,40,150
128,82,145
76,89,23
107,82,142
81,114,82
78,45,55
92,72,50
96,35,156
102,118,153
92,61,119
116,53,23
83,117,52
98,80,153
78,45,58
102,118,91
92,103,83
128,89,49
125,87,135
101,101,92
78,31,59
100,45,139
114,43,21
76,103,167
85,62,55
116,53,44
114,117,140
100,45,47
79,83,126
104,60,77
93,51,73
96,68,150
116,27,134
86,90,26
100,45,61
78,45,163
98,84,28
127,106,106
116,94,150
76,103,44
127,106,112
96,47,89
76,35,52
116,80,154
107,82,55
120,96,149
116,53,51
81,92,172
112,119,109
128,89,141
92,72,78
128,89,23
84,104,115
85,64,74
93,58,171
121,107,83
85,64,91
93,28,117
101,101,149
129,35,131
91,74,50
129,56,67
86,34,71
97,28,139
130,114,21
85,64,175
93,58,22
79,69,127
78,31,76
78,99,57
78,37,81
86,41,30
84,104,95
116,80,86
114,43,107
91,115,179
82,40,33
107,82,122
85,64,57
107,108,153
119,63,175
119,63,174
105,68,125
116,97,131
102,118,173
124,84,117
101,116,96
85,64,129
126,118,140
109,47,170
97,28,65
127,106,154
79,83,147
81,109,95
76,89,175
78,37,157
78,45,115
126,118,39
107,108,145
126,118,106
95,46,154
90,47,146
124,84,49
97,75,86
114,117,130
109,47,88
118,91,154
123,118,110
129,35,34
109,80,72
76,89,91
116,80,134
125,87,63
84,104,122
102,118,47
121,107,179
120,96,162
78,45,72
101,101,155
86,90,59
85,85,158
114,117,122
81,92,33
116,80,171
116,53,119
89,71,108
125,81,142
116,97,70
86,41,112
116,53,103
85,64,41
101,101,171
124,84,147
121,107,125
114,87,91
109,47,157
78,45,66
101,116,150
98,84,174
128,82,56
97,75,23
86,41,160
109,47,113
93,51,175
91,74,161
98,84,121
128,85,94
79,69,170
121,107,64
102,118,91
82,40,92
77,47,99
123,118,97
96,35,38
91,74,37
118,91,160
102,118,123
101,116,105
107,48,31
88,76,138
85,104,147
91,74,43
78,37,166
107,82,83
93,28,34
76,27,67
77,49,119
116,97,171
76,27,129
89,71,63
93,51,26
114,87,105
127,48,46
101,101,81
108,69,120
85,104,97
76,103,56
129,56,82
129,35,126
127,48,96
86,90,94
93,51,62
83,117,90
85,64,62
85,38,137
101,48,141
130,114,148
85,85,62
98,84,58
100,45,100
96,35,84
118,91,87
76,27,170
85,104,22
76,35,91
77,49,137
84,104,59
85,38,154
83,71,84
91,115,133
112,119,75
129,35,107
123,117,131
120,96,117
129,35,152
85,85,118
129,35,28
81,77,127
93,58,148
85,85,48
100,45,54
101,101,90
85,62,124
103,42,105
81,120,53
128,85,119
96,47,133
116,94,138
128,89,113
85,85,86
125,45,173
93,58,157
125,45,174
103,42,156
83,71,31
125,81,52
102,118,141
91,115,153
84,104,106
100,45,24
104,60,76
76,27,159
82,40,168
76,35,165
93,58,122
98,84,68
86,90,139
79,83,37
96,68,176
78,45,75
118,91,93
78,37,167
114,93,143
76,89,38
93,51,34
78,37,95
83,71,169
125,45,29
116,27,93
78,99,47
118,91,34
98,84,84
85,64,74
86,41,130
120,96,72
104,60,43
128,82,67
102,118,136
101,101,175
128,85,162
85,38,113
93,28,177
81,77,174
114,87,132
121,107,71
98,84,66
85,62,176
124,84,136
123,111,147
124,84,134
129,56,99
76,35,139
114,87,173
91,74,42
121,107,60
78,37,41
104,60,56
86,90,106
98,80,151
81,77,103
104,60,106
92,61,103
81,109,98
126,118,109
88,76,174
93,58,158
90,63,179
114,87,75
89,113,119
114,43,129
107,108,121
121,107,97
83,117,46
81,120,70
115,40,32
85,104,157
116,94,162
115,98,119
104,60,137
125,87,133
86,90,43
101,116,169
85,62,90
107,108,76
116,80,150
82,40,107
105,68,101
95,46,150
102,118,174
88,76,92
76,35,177
85,87,138
126,118,110
85,64,87
114,93,120
123,118,69
107,48,93
77,49,94
103,42,114
83,71,82
85,38,103
121,107,134
77,49,35
107,48,137
105,68,108
76,89,88
107,82,164
85,62,53
123,111,76
93,58,138
123,118,52
107,48,171
116,53,37
78,37,87
79,83,97
114,117,158
85,62,156
97,75,143
121,107,90
90,47,124
77,47,138
115,40,140
91,115,41
79,83,120
124,84,106
96,68,156
86,90,121
82,40,113
118,91,102
109,47,160
125,45,31
114,93,79
93,51,176
77,47,168
107,108,125
78,99,147
93,51,114
126,118,118
123,118,110
129,56,166
101,116,55
114,93,143
92,72,146
104,107,162
107,82,37
120,96,118
78,45,44
123,118,154
81,92,83
92,61,155
128,89,150
116,80,95
91,74,136
108,69,98
78,31,91
91,74,57
107,48,83
126,118,38
90,63,103
120,96,155
112,119,22
79,83,41
86,90,150
78,37,56
123,118,160
102,118,48
105,68,146
104,60,165
85,62,127
98,84,42
107,108,134
85,62,130
91,74,40
125,87,97
78,99,101
127,48,59
76,27,103
118,91,132
123,118,34
105,68,146
92,72,86
78,37,50
115,98,83
93,51,143
126,118,33
76,27,104
98,80,60
102,118,62
81,109,21
81,120,94
86,34,43
89,113,150
93,28,41
123,117,80
95,46,27
128,85,166
81,109,104
86,41,159
119,63,29
109,47,44
92,61,146
81,114,68
79,69,133
90,63,107
97,28,40
114,93,59
104,60,165
103,42,60
125,81,140
86,41,111
114,87,87
85,85,39
123,111,168
93,58,162
77,49,174
77,49,153
100,45,128
81,120,83
88,76,132
116,97,177
76,35,138
114,87,67
91,115,62
93,51,75
83,71,138
92,61,45
103,42,46
89,71,144
128,89,180
101,101,21
118,70,140
93,58,113
126,118,130
85,87,129
85,38,140
94,69,141
95,46,36
101,48,76
119,63,80
129,35,43
107,108,150
123,118,99
96,68,166
120,96,21
83,71,64
123,117,112
125,87,92
96,35,34
92,61,30
89,71,147
93,51,157
93,58,145
97,28,100
127,48,55
96,68,177
85,64,39
116,80,154
91,115,178
102,118,60
79,83,35
82,40,154
128,85,28
81,109,84
86,90,60
115,40,131
128,82,30
77,49,22
128,82,89
96,35,175
89,113,128
76,103,100
92,103,138
78,31,120
101,116,34
85,87,115
114,43,156
129,56,22
104,60,22
81,114,127
127,106,166
94,69,174
93,51,138
97,28,68
82,40,23
114,117,140
85,62,119
114,43,99
78,99,41
76,103,130
76,103,86
76,89,128
76,27,117
98,84,36
86,34,152
114,87,67
128,82,81
91,115,143
93,58,44
101,101,158
85,87,23
79,69,146
86,41,124
105,68,171
76,35,71
101,101,105
85,104,47
98,84,143
78,37,28
127,48,121
90,47,89
97,28,45
108,69,22
93,58,130
81,92,171
84,104,67
109,80,51
85,64,173
85,85,113
78,99,23
78,99,117
128,89,42
126,118,161
77,49,126
76,27,26
116,94,27
78,37,89
109,47,179
76,27,22
119,63,51
81,77,76
114,117,27
115,98,88
100,45,147
101,116,119
125,87,93
86,90,100
128,82,77
92,72,112
85,85,31
85,64,134
76,103,36
93,28,24
78,99,29
78,99,162
108,69,63
129,56,85
85,104,24
85,62,64
104,107,25
128,82,169
103,42,48
89,71,45
130,114,104
90,47,27
107,108,131
127,106,96
112,119,136
118,91,153
129,35,66
126,118,27
83,117,134
127,48,78
97,75,158
116,94,174
125,45,32
89,71,85
86,34,96
76,89,123
125,81,109
127,48,174
86,90,100
85,38,25
116,94,66
92,61,41
128,85,136
102,118,79
82,40,133
127,48,63
83,117,63
90,47,20
78,99,146
123,118,91
96,47,31
125,81,102
116,97,49
79,83,38
123,117,137
125,45,51
128,82,55
78,99,46
107,82,133
107,48,79
114,43,92
96,68,56
118,70,115
77,47,104
85,64,23
98,80,59
127,48,149
79,83,105
101,48,58
81,120,82
85,64,21
81,109,112
83,71,133
85,62,129
78,45,150
101,48,101
79,83,48
103,42,21
76,27,78
129,35,141
76,103,66
96,35,155
92,61,39
114,43,62
76,35,30
95,46,86
86,34,167
107,48,154
79,69,94
107,48,67
85,104,55
125,45,72
128,85,90
92,61,117
100,45,84
123,111,103
125,45,84
84,104,108
77,47,67
128,82,143
125,87,145
93,51,94
123,118,117
86,41,67
86,34,137
115,40,178
78,99,128
86,41,23
86,41,115
115,40,103
128,85,24
96,35,149
78,99,21
88,76,131
83,71,153
101,116,142
77,49,163
76,103,163
89,71,147
129,56,94
77,49,141
96,47,170
102,118,91
118,70,106
86,90,35
78,45,154
93,28,170
109,47,172
101,101,143
93,58,147
91,115,150
128,82,62
114,93,52
81,120,95
79,69,153
89,113,92
115,98,129
97,75,45
105,68,46
114,117,46
96,35,71
81,109,152
116,97,62
101,101,35
112,119,134
92,103,39
116,80,126
107,48,171
127,106,26
97,75,61
116,94,56
127,106,116
128,82,164
96,47,165
115,40,34
116,53,102
96,47,26
125,81,78
83,117,163
98,84,68
85,38,89
78,99,173
84,104,62
125,87,136
90,47,52
125,45,81
90,47,112
96,35,120
108,69,144
81,92,31
89,113,69
128,82,178
123,118,160
102,118,108
90,63,103
120,96,156
101,101,155
108,69,74
81,120,126
83,117,86
104,107,152
115,98,115
118,70,75
92,72,82
109,47,114
107,48,97
121,107,156
116,94,161
93,28,37
78,31,170
85,62,94
108,69,65
98,84,157
79,83,48
78,37,76
130,114,28
119,63,99
86,34,132
79,83,96
92,72,178
104,60,127
125,87,89
96,35,61
81,114,95
97,28,109
114,87,91
121,107,176
78,37,141
86,41,81
77,47,165
92,72,78
105,68,116
128,89,174
98,80,71
86,34,41
105,68,107
123,111,59
114,117,64
102,118,96
84,104,156
112,119,74
125,81,130
81,120,31
103,42,146
76,35,21
129,35,70
104,60,166
107,108,38
78,31,53
127,48,136
128,82,72
118,70,54
116,80,114
107,108,140
127,106,27
85,64,49
125,87,69
109,47,45
123,111,48
78,37,105
108,69,49
118,70,105
115,40,53
100,45,100
101,48,133
90,47,171
78,31,163
91,74,35
93,28,156
93,58,53
123,118,85
76,89,54
104,107,119
86,90,113
121,107,61
96,47,136
107,108,125
101,116,120
86,34,71
98,80,141
93,51,45
108,69,48
125,81,173
116,97,156
123,111,23
93,28,85
77,47,135
85,62,73
78,37,142
97,75,171
84,104,165
83,117,41
93,58,120
103,42,122
127,106,159
107,82,174
125,81,126
114,117,111
107,108,77
92,61,177
125,87,27
96,47,170
89,71,149
103,42,144
98,84,44
128,89,32
104,60,167
125,45,144
130,114,48
85,104,73
127,48,148
86,90,115
85,62,141
114,43,180
128,85,149
123,111,59
119,63,176
97,28,134
107,82,37
85,64,31
125,45,122
128,89,135
81,114,156
86,41,152
86,34,179
104,107,29
85,104,52
129,56,57
83,117,44
77,47,60
77,47,120
107,108,41
114,93,30
118,70,91
128,89,121
120,96,162
127,106,175
91,115,142
128,82,139
96,35,102
125,45,105
85,85,27
107,82,161
86,90,117
93,28,107
98,84,32
118,91,92
102,118,126
85,104,157
86,34,175
85,64,77
104,60,145
118,70,179
125,87,60
128,82,62
128,82,178
123,117,126
114,43,63
79,83,161
101,116,58
85,64,148
104,107,62
114,93,67
81,92,91
86,41,111
83,71,75
118,70,141
76,35,43
116,97,36
114,43,69
101,116,25
101,101,74
118,70,87
85,64,73
96,47,90
98,84,53
96,47,56
96,68,124
119,63,116
77,49,157
90,63,60
129,56,39
105,68,79
104,107,163
89,71,112
129,35,102
81,120,146
81,92,81
81,114,127
109,80,149
98,84,29
97,28,70
118,91,41
89,113,176
96,47,162
93,51,111
79,69,23
125,45,150
93,28,180
91,74,144
107,48,178
127,48,161
85,62,156
89,71,59
125,87,154
96,35,85
83,117,32
126,118,172
116,53,122
79,69,97
83,71,44
93,28,78
114,87,78
129,35,144
125,45,98
98,84,110
123,117,29
92,61,98
128,89,58
118,70,121
78,45,45
115,98,156
79,69,78
85,64,78
76,35,138
81,114,174
78,99,122
125,45,32
101,101,33
78,37,61
81,114,82
79,69,164
114,117,58
114,93,163
85,87,36
118,91,93
81,114,72
114,43,149
92,72,80
126,118,22
101,116,115
124,84,157
101,48,179
103,42,20
124,84,140
76,27,42
120,96,52
100,45,113
123,117,161
91,115,160
85,87,175
104,60,46
85,87,124
81,77,58
128,82,85
101,116,123
76,35,124
85,104,166
76,103,43
125,87,76
93,58,134
76,89,178
119,63,24
123,117,127
127,48,105
96,68,139
79,69,46
76,89,123
125,81,141
98,84,28
128,82,156
81,92,121
81,77,89
109,47,109
115,98,65
128,82,129
81,92,21
76,35,165
85,85,114
127,48,37
112,119,54
89,71,63
84,104,172
98,84,26
96,47,34
124,84,104
83,71,68
114,87,121
96,68,122
100,45,36
101,101,104
112,119,112
114,87,160
124,84,46
84,104,169
128,89,45
125,81,77
78,37,30
78,99,100
120,96,151
107,48,156
88,76,138
128,85,150
96,68,96
86,90,50
116,27,25
107,48,43
81,114,38
101,48,41
78,45,78
116,27,90
114,117,174
92,61,140
129,56,24
118,70,27
123,111,152
96,35,71
120,96,26
108,69,119
93,58,37
116,97,53
76,103,137
125,81,53
128,82,128
100,45,174
114,87,66
112,119,179
101,101,114
90,63,23
124,84,122
105,68,84
96,47,109
96,68,110
78,45,27
83,71,161
121,107,46
114,93,135
96,47,143
96,47,39
100,45,59
85,87,58
83,71,107
98,80,86
128,85,113
116,97,134
79,69,123
97,75,26
118,91,63
77,47,103
128,82,107
85,87,134
76,103,131
128,89,99
76,27,85
115,40,66
93,58,49
86,41,149
86,90,96
96,68,110
76,89,138
96,35,79
86,90,54
116,53,26
125,81,62
112,119,160
76,89,40
103,42,114
101,116,75
125,81,163
127,48,37
97,28,93
123,111,63
101,48,56
124,84,175
94,69,139
90,47,141
96,68,128
127,106,118
115,98,48
79,69,33
81,120,159
78,31,23
127,48,65
102,118,78
92,72,57
78,45,67
85,104,21
76,103,180
128,89,116
123,111,97
123,117,45
81,109,136
94,69,93
114,93,20
78,37,26
101,101,33
79,83,38
121,107,58
107,108,160
85,38,115
109,47,152
86,90,45
104,107,25
86,90,116
83,117,123
85,64,101
116,53,99
128,89,168
94,69,46
116,97,70
96,47,169
84,104,107
96,68,43
79,69,32
97,28,88
98,84,84
130,114,45
116,53,74
123,111,43
114,87,158
76,89,51
125,81,43
84,104,30
81,92,101
76,89,131
115,98,26
125,45,38
94,69,44
114,93,78
83,117,31
94,69,59
103,42,94
92,61,32
83,117,98
128,85,166
92,72,158
86,41,148
107,48,53
90,47,50
90,47,90
125,81,124
129,56,179
118,91,154
93,28,50
92,103,148
125,81,105
76,89,54
86,34,135
77,49,35
85,87,124
85,38,30
85,62,96
83,71,63
128,82,47
114,87,87
100,45,90
90,47,26
115,98,157
101,48,63
93,28,176
127,48,180
86,34,170
91,74,75
93,58,169
92,72,100
85,38,75
102,118,167
104,60,171
92,61,28
105,68,50
86,41,81
98,80,145
115,98,172
128,82,73
89,113,43
95,46,27
123,117,72
109,47,111
98,80,132
96,68,111
85,104,43
79,83,113
109,47,113
83,71,130
102,118,147
109,47,120
116,97,146
81,120,158
116,80,102
76,35,33
76,27,46
97,75,29
76,27,51
114,43,166
102,118,154
85,62,107
129,56,132
102,118,82
81,77,45
123,111,126
78,45,117
114,93,101
77,47,27
85,104,25
127,48,51
128,89,75
125,87,143
101,116,36
78,45,148
79,83,73
78,45,173
112,119,40
114,43,152
88,76,159
114,87,99
77,49,70
98,84,149
85,85,40
115,98,134
116,53,59
123,117,136
86,41,66
90,47,45
116,97,78
114,43,158
101,48,167
100,45,71
114,43,118
85,64,36
105,68,177
79,69,67
83,71,127
114,43,139
128,85,100
85,64,171
76,35,140
114,117,170
81,114,95
128,89,142
112,119,69
81,92,75
90,47,94
92,61,176
84,104,135
83,71,48
96,47,95
116,97,176
81,77,126
79,69,161
129,56,169
97,28,163
101,48,166
85,64,128
91,115,126
98,84,87
98,84,157
96,68,142
114,93,58
130,114,24
79,83,88
77,47,91
95,46,165
81,92,136
116,97,121
100,45,115
83,117,169
102,118,179
79,69,132
76,89,20
85,104,82
128,82,57
85,87,20
86,41,94
125,81,121
83,71,84
123,117,28
88,76,25
81,77,72
93,58,171
104,107,59
116,80,119
116,97,86
98,84,66
96,35,175
86,41,104
100,45,37
102,118,132
119,63,27
128,85,39
127,48,44
78,99,37
125,81,158
100,45,93
104,107,79
114,87,146
98,80,47
85,62,27
100,45,74
86,90,158
126,118,146
85,62,31
114,93,160
125,81,68
94,69,142
115,98,160
79,69,156
76,103,89
129,35,142
114,87,71
84,104,138
86,90,48
82,40,116
93,58,102
115,98,91
114,43,160
93,58,57
125,45,111
123,118,138
114,93,147
125,45,173
101,48,24
85,104,123
85,104,115
107,48,103
98,80,92
81,92,99
82,40,135
78,99,168
88,76,38
115,98,97
115,40,164
123,118,125
94,69,66
108,69,88
81,77,143
114,117,128
82,40,142
81,77,57
114,87,173
92,72,70
92,72,47
125,45,72
81,120,27
112,119,90
89,113,60
107,82,163
78,45,82
128,82,134
108,69,166
77,49,130
125,87,47
92,61,52
107,82,140
86,41,132
76,27,155
90,63,124
101,101,158
95,46,42
114,117,78
100,45,165
123,118,54
100,45,28
93,28,179
107,108,161
115,98,23
129,35,41
116,53,135
109,80,38
129,35,75
85,104,25
93,28,139
88,76,154
100,45,84
83,117,114
77,49,132
114,93,114
92,72,150
83,71,24
128,82,149
101,48,73
81,114,37
86,41,168
104,60,100
76,103,35
125,87,57
104,107,117
95,46,130
116,80,163
76,89,21
103,42,161
116,53,31
98,80,73
124,84,159
125,81,67
109,47,82
89,71,104
109,80,59
86,90,121
81,77,171
81,120,140
78,31,27
116,80,108
85,38,90
77,47,57
86,90,100
77,49,170
85,85,143
107,108,145
90,47,151
76,35,67
129,35,103
92,103,161
109,47,79
89,113,114
81,77,66
76,27,41
86,90,153
116,97,165
93,58,159
81,109,51
109,80,137
76,103,179
91,74,33
92,61,45
76,103,76
129,56,104
130,114,127
104,107,130
76,89,77
101,116,134
93,58,99
123,118,101
76,27,36
96,35,75
128,89,137
121,107,63
112,119,27
96,35,118
123,111,41
79,83,164
86,34,26
83,117,48
77,49,126
85,64,146
101,101,151
127,48,32
78,31,42
91,115,163
116,80,131
125,81,141
78,45,146
79,83,170
127,48,67
101,101,143
104,107,137
76,35,97
76,27,59
93,28,142
96,35,172
107,108,87
128,89,113
123,118,72
81,92,69
116,53,118
83,71,177
93,28,48
93,28,101
85,38,90
97,28,154
97,28,133
78,31,63
128,89,154
92,61,153
104,107,37
115,40,38
92,61,116
123,118,112
93,58,71
81,120,66
96,35,66
128,89,118
89,71,100
123,117,140
107,108,60
91,115,85
81,114,63
97,28,42
85,38,134
124,84,28
96,68,52
125,87,42
123,118,95
97,75,173
128,85,78
89,71,105
101,48,154
120,96,171
124,84,34
81,120,55
105,68,171
93,28,143
79,69,72
91,115,40
82,40,159
107,108,159
78,99,118
98,80,70
85,62,129
92,103,32
90,63,104
128,85,50
121,107,175
107,108,77
93,51,116
90,63,161
116,53,36
96,47,56
85,87,152
130,114,80
78,99,25
107,108,118
83,71,97
120,96,29
81,92,48
81,109,67
101,116,129
100,45,63
85,62,109
109,47,61
86,41,157
114,43,90
123,111,49
82,40,120
120,96,49
79,69,100
81,77,133
96,47,96
114,43,56
88,76,174
89,71,132
109,47,70
98,84,84
77,47,124
85,62,171
81,92,39
88,76,114
81,114,33
127,106,39
129,56,140
85,64,140
116,27,132
81,92,153
77,47,130
83,117,154
120,96,147
116,94,81
107,108,171
104,60,32
78,37,94
88,76,144
114,93,174
85,85,38
129,35,79
84,104,131
85,87,146
83,71,137
101,101,43
112,119,26
88,76,56
96,35,117
114,43,159
115,40,84
121,107,135
93,58,115
128,85,178
96,35,37
105,68,21
81,109,144
76,103,27
82,40,113
123,117,175
86,34,157
124,84,161
123,111,107
81,92,144
78,37,20
89,113,174
124,84,137
81,92,132
96,35,22
118,91,75
118,70,82
76,89,109
93,51,108
78,99,55
78,37,43
76,103,160
126,118,31
76,103,131
96,47,145
77,49,117
105,68,52
130,114,132
78,37,36
85,62,124
114,93,91
93,51,44
79,83,46
109,47,77
123,111,152
126,118,169
115,98,148
123,118,20
116,53,100
123,111,64
93,58,135
92,72,74
116,94,142
100,45,71
76,35,87
85,64,81
116,53,107
76,103,62
115,98,42
96,47,162
115,40,176
86,34,122
81,120,37
86,34,89
116,27,173
109,80,171
90,63,77
115,40,135
97,75,103
123,118,29
128,89,129
105,68,99
78,37,137
107,82,135
81,114,154
98,84,45
109,47,137
127,106,164
115,40,128
116,53,43
116,53,96
78,31,90
81,77,67
85,62,91
96,68,51
115,98,58
96,68,164
85,62,130
101,116,102
128,89,134
96,47,120
124,84,20
116,80,107
100,45,156
109,47,60
125,45,72
129,56,114
83,117,42
86,34,167
101,101,76
101,116,107
101,48,86
116,94,62
85,85,33
78,37,27
91,115,137
89,113,130
109,80,24
78,37,151
101,48,96
79,69,67
103,42,95
104,60,64
123,118,24
107,82,104
95,46,47
89,71,128
85,64,79
116,80,29
85,104,87
119,63,153
120,96,118
93,28,69
128,85,180
114,43,122
102,118,162
125,81,167
78,31,46
79,83,113
119,63,79
82,40,39
118,70,71
93,28,75
104,107,58
125,45,164
104,107,92
98,80,93
76,35,86
83,71,178
128,82,135
92,72,127
125,45,141
127,48,62
102,118,125
88,76,75
76,89,66
92,72,74
125,81,168
109,80,20
92,61,134
96,35,162
81,92,75
92,103,94
102,118,53
125,81,55
98,80,178
89,71,176
120,96,63
127,48,63
120,96,79
84,104,115
96,47,35
109,80,124
82,40,32
92,103,138
93,28,125
107,82,122
86,34,124
129,35,170
103,42,111
95,46,47
98,80,45
92,61,159
85,85,104
88,76,120
109,47,158
98,80,115
89,71,102
128,89,32
123,118,113
107,108,121
78,45,50
119,63,116
93,58,153
104,107,160
101,116,46
86,90,36
108,69,113
95,46,35
86,41,163
129,35,163
85,38,50
79,69,167
126,118,114
114,87,167
116,53,67
115,40,110
107,108,49
86,34,175
120,96,20
123,111,117
103,42,175
81,77,107
123,117,168
112,119,94
101,101,38
118,70,25
92,61,115
79,83,168
109,80,98
123,111,77
76,27,41
119,63,170
82,40,170
83,71,59
120,96,57
119,63,154
76,103,180
96,68,104
76,27,22
116,97,32
127,48,38
107,48,30
92,61,84
109,80,103
129,56,44
126,118,62
115,40,70
116,53,169
85,62,119
96,47,111
104,107,42
129,35,140
107,48,50
89,71,93
121,107,69
81,109,148
95,46,110
95,46,158
85,104,74
101,116,52
109,80,163
77,49,116
81,120,37
88,76,143
88,76,54
115,98,87
78,99,104
129,35,126
85,38,152
101,116,50
107,108,74
83,71,68
97,28,127
128,89,125
112,119,51
129,56,177
84,104,59
78,99,110
86,34,35
98,84,45
101,116,129
98,80,48
78,99,125
98,84,20
85,104,60
114,87,84
77,49,150
98,80,148
114,87,155
96,47,111
125,81,84
79,83,87
116,80,29
78,37,164
125,81,144
116,97,122
81,109,113
92,103,29
83,71,52
100,45,63
93,28,171
90,63,70
85,104,57
101,101,132
81,109,145
129,56,130
128,85,48
107,48,64
81,114,102
102,118,174
119,63,91
96,35,72
103,42,24
90,47,174
83,117,37
114,87,133
90,63,57
93,58,47
93,28,151
128,82,138
128,85,121
101,48,122
76,35,99
79,83,37
76,103,139
81,92,134
79,69,44
85,64,112
100,45,82
93,28,129
81,120,99
105,68,99
78,45,100
76,27,77
108,69,73
78,45,72
125,87,41
125,87,116
116,80,105
93,51,66
129,56,143
89,71,158
130,114,167
97,28,79
128,89,113
101,116,107
102,118,179
116,97,171
92,103,37
79,83,23
118,70,89
118,91,167
103,42,50
85,64,108
76,27,84
76,89,156
123,117,151
95,46,128
115,40,58
101,116,20
101,48,52
116,94,74
123,117,155
107,108,127
95,46,47
85,85,89
76,103,103
105,68,63
114,43,41
93,28,139
104,60,177
78,99,68
86,90,127
116,94,133
79,69,25
85,85,64
109,80,134
78,31,51
123,111,133
93,58,160
130,114,128
78,99,162
116,94,61
124,84,51
101,116,44
103,42,122
76,89,101
128,85,102
79,83,150
93,28,71
109,47,41
108,69,145
79,69,57
115,98,35
93,58,126
81,114,107
116,53,92
123,118,114
88,76,51
116,94,154
76,35,160
123,111,61
116,53,119
119,63,66
129,56,147
78,31,128
104,107,76
124,84,141
100,45,55
116,80,106
119,63,113
125,81,135
116,53,64
93,51,29
93,28,150
93,58,161
81,92,52
127,48,141
76,35,101
100,45,174
114,93,180
120,96,92
76,27,156
92,61,38
81,109,125
92,103,169
90,47,45
91,74,128
109,47,143
86,90,45
116,27,166
119,63,124
107,48,104
94,69,83
78,31,140
119,63,75
128,89,159
86,41,105
76,27,67
104,60,110
98,84,65
81,92,55
114,93,78
97,28,164
90,47,163
83,71,145
127,106,89
108,69,164
119,63,105
92,72,88
100,45,52
107,48,154
114,93,118
121,107,90
76,89,80
92,61,55
125,45,76
123,111,76
104,60,137
118,91,117
126,118,161
100,45,23
104,107,169
86,90,107
102,118,87
125,81,78
121,107,46
124,84,80
79,83,92
103,42,103
78,37,56
77,47,147
79,83,104
126,118,63
89,71,24
88,76,35
96,35,141
79,83,38
81,109,30
118,70,46
79,69,73
100,45,99
98,80,58
96,68,41
93,28,120
81,77,130
81,109,142
85,104,142
78,45,61
85,62,56
98,80,51
97,75,45
96,35,155
83,71,67
78,45,90
127,106,21
130,114,179
82,40,53
118,70,170
92,103,36
91,74,118
98,80,81
103,42,123
78,45,158
86,34,23
76,35,107
93,58,180
109,80,39
89,71,33
91,115,130
93,28,131
129,35,47
88,76,60
104,107,97
92,72,95
81,109,40
102,118,152
78,99,162
124,84,70
114,87,166
92,103,101
104,60,117
101,116,42
96,47,71
129,35,57
92,61,94
98,84,81
90,47,161
96,35,110
107,48,113
77,49,59
116,27,51
85,64,55
107,82,164
119,63,152
76,35,157
107,82,68
91,115,123
107,82,158
123,111,89
124,84,50
76,27,143
100,45,135
120,96,49
97,28,34
115,40,47
98,84,61
115,98,31
129,56,21
125,81,123
85,62,98
83,117,134
104,107,108
85,38,150
128,89,34
81,120,123
115,98,37
114,117,105
93,28,67
86,90,55
123,117,67
93,28,66
85,64,21
78,37,132
77,47,83
97,28,128
128,89,168
108,69,23
81,109,51
123,117,92
84,104,150
77,47,124
86,34,20
115,98,32
92,61,154
91,115,92
114,117,83
92,61,84
126,118,135
84,104,32
85,62,49
78,99,127
125,81,177
114,117,56
104,107,62
109,80,48
125,87,40
125,87,167
91,74,51
81,114,83
116,94,80
88,76,50
79,83,164
116,97,166
79,69,110
103,42,179
92,72,33
81,77,162
85,85,137
101,101,39
102,118,107
129,56,27
86,34,63
104,107,20
116,97,132
81,77,60
90,63,103
90,63,52
91,115,103
101,48,127
97,75,111
76,89,153
88,76,115
125,87,112
76,103,100
79,69,166
103,42,119
116,80,48
120,96,20
93,51,50
97,75,135
86,34,174
92,72,127
85,87,115
78,31,165
128,85,112
129,35,37
85,85,33
81,109,120
76,103,135
76,103,137
120,96,44
85,104,55
90,63,119
105,68,55
79,83,108
97,28,100
101,101,27
90,47,114
92,103,171
118,70,160
101,101,166
100,45,87
90,47,34
85,87,31
116,94,133
86,90,121
116,94,117
85,104,50
126,118,147
116,80,77
114,93,44
116,94,31
109,80,99
116,94,137
81,77,129
95,46,67
93,28,164
128,82,22
86,34,101
123,118,109
116,80,109
97,28,160
114,117,65
76,89,109
86,90,108
118,70,81
116,94,117
88,76,98
92,61,175
88,76,91
92,61,53
125,45,105
121,107,180
107,82,65
76,103,145
116,80,35
128,85,74
115,98,104
84,104,156
85,64,43
114,117,54
114,87,174
112,119,90
102,118,61
121,107,54
84,104,139
93,51,145
98,84,129
115,98,41
114,87,174
125,87,180
84,104,136
77,47,121
116,53,42
96,35,51
116,80,148
101,48,100
129,35,91
116,53,117
121,107,75
109,47,142
81,109,94
81,92,115
116,80,150
109,47,52
82,40,102
125,81,161
96,47,24
93,58,70
114,117,180
98,80,103
92,72,86
76,89,58
78,99,122
92,61,146
94,69,44
78,45,146
101,101,74
86,90,40
93,58,160
76,27,69
91,115,173
127,48,24
89,71,93
83,117,105
85,85,96
116,80,169
109,80,70
128,82,79
103,42,67
76,89,68
126,118,20
128,82,148
127,48,30
123,111,174
104,60,66
89,71,93
93,51,76
124,84,87
86,90,116
116,53,50
85,38,108
84,104,133
81,109,101
94,69,157
123,118,39
130,114,152
116,80,103
130,114,164
128,82,45
93,58,178
102,118,145
76,89,90
116,94,163
92,103,75
119,63,173
115,40,87
96,35,28
103,42,35
97,28,119
79,69,129
101,101,23
114,87,173
123,118,80
79,83,145
100,45,64
85,85,40
85,62,106
93,51,129
125,87,96
128,82,119
86,90,59
101,116,177
123,111,93
77,47,99
93,58,52
112,119,67
107,108,93
127,48,145
101,116,44
114,87,91
78,37,25
96,47,173
83,117,137
100,45,104
119,63,69
114,93,171
103,42,164
108,69,158
90,63,173
127,106,40
76,103,179
76,89,63
101,48,159
114,87,99
96,47,113
127,48,126
129,56,92
92,72,23
81,120,51
89,113,101
85,64,104
81,109,108
101,101,162
127,48,50
93,51,52
127,106,38
121,107,121
90,47,127
116,80,151
114,93,94
130,114,136
78,99,59
125,87,69
81,77,66
124,84,180
98,84,52
89,71,53
81,109,75
85,62,108
128,82,165
118,70,167
93,58,152
129,35,169
94,69,134
118,91,62
114,43,45
119,63,53
102,118,40
78,31,43
77,49,63
114,93,92
107,108,65
107,48,180
89,71,154
84,104,56
114,93,139
91,115,151
126,118,143
128,82,109
96,47,87
104,107,45
128,82,175
118,70,138
107,48,37
86,41,135
79,83,107
76,27,29
76,35,120
81,120,35
76,35,74
107,82,122
78,31,100
77,49,165
77,47,76
129,56,146
121,107,163
90,63,141
77,49,21
114,43,55
96,47,100
85,104,111
97,75,155
126,118,111
76,35,112
104,107,112
90,47,58
82,40,28
81,114,40
83,117,124
109,47,148
93,58,122
91,115,70
89,113,143
109,47,151
115,40,38
85,64,54
85,87,127
76,27,60
118,91,44
104,107,85
94,69,170
85,62,61
127,106,164
101,48,71
107,48,77
77,47,141
78,45,134
78,37,33
77,47,44
118,70,103
101,48,154
104,107,34
90,63,35
81,77,81
81,109,171
78,31,42
90,63,172
127,48,163
115,40,78
83,71,94
90,63,20
116,94,113
114,117,62
79,69,26
89,113,113
81,109,124
84,104,35
107,82,57
128,85,96
109,80,148
109,80,110
85,104,36
127,106,69
92,103,61
77,47,111
123,118,68
108,69,108
114,117,120
98,80,60
97,28,135
107,48,67
81,109,95
126,118,171
89,71,43
119,63,147
76,89,65
79,83,64
85,104,132
116,53,145
121,107,137
86,90,157
125,45,147
123,117,75
78,45,165
128,89,98
93,28,128
125,87,113
115,40,171
127,48,118
120,96,36
85,64,128
81,114,37
81,109,167
97,28,79
98,80,45
116,94,56
128,85,39
85,62,52
97,75,138
91,74,128
100,45,87
86,41,116
96,68,170
127,106,48
115,98,148
92,103,106
89,71,31
90,63,149
78,45,142
114,93,24
96,47,89
86,90,139
114,87,54
125,81,150
114,117,123
91,115,27
125,81,115
108,69,178
97,28,138
93,28,40
116,97,88
129,56,38
114,93,73
98,80,168
91,115,97
86,90,90
93,58,108
119,63,177
126,118,76
118,70,73
105,68,93
123,111,86
112,119,121
78,99,73
97,28,28
96,47,147
127,106,120
118,91,68
128,82,59
118,70,40
85,85,31
109,47,135
101,101,163
96,47,30
85,62,83
125,87,154
79,69,85
126,118,36
92,61,24
124,84,117
83,71,72
125,45,90
125,81,97
81,77,135
114,87,49
92,61,165
96,68,142
92,103,160
119,63,44
107,82,128
91,115,134
88,76,163
109,80,29
78,45,171
116,94,142
118,70,108
81,109,137
85,104,59
123,111,29
120,96,171
89,113,46
98,84,173
97,75,47
115,40,81
115,98,60
86,90,135
115,98,58
129,56,73
104,60,60
93,28,69
89,71,132
91,74,166
78,99,96
97,75,82
81,109,76
83,71,154
79,83,89
85,62,22
96,68,106
81,77,178
116,94,178
119,63,169
77,49,136
112,119,140
86,34,35
86,90,145
116,80,171
116,80,164
120,96,31
91,74,111
114,117,83
96,47,142
115,98,31
97,28,55
93,28,52
107,82,158
116,80,119
90,47,158
115,98,95
107,108,26
120,96,51
86,34,157
116,94,145
123,111,49
76,35,112
94,69,140
127,48,142
98,80,165
101,116,61
81,114,132
79,69,114
114,43,27
85,87,26
85,85,102
93,58,63
116,80,132
79,69,163
124,84,48
76,89,60
91,115,95
93,58,167
116,94,77
77,47,168
83,71,161
86,34,158
85,64,176
86,90,174
86,90,168
116,97,141
91,115,65
86,41,49
76,27,78
130,114,121
125,45,50
107,108,96
76,89,32
124,84,48
98,84,152
85,62,106
92,72,52
107,48,149
78,45,101
93,51,108
79,83,60
125,87,172
128,85,171
79,83,127
127,106,54
81,77,145
101,116,106
116,53,98
78,37,109
123,111,180
83,117,82
107,48,175
93,51,176
100,45,152
81,114,61
92,72,52
121,107,39
115,98,49
121,107,103
92,61,122
96,35,74
79,83,83
85,64,154
127,106,37
100,45,40
86,34,161
104,60,142
115,98,171
81,92,38
104,107,159
89,113,158
116,94,106
79,83,115
78,37,153
97,28,81
101,101,62
126,118,63
78,31,60
125,45,49
77,49,30
128,89,139
128,85,101
76,89,53
98,80,57
125,81,138
86,34,78
123,111,21
93,28,145
98,80,159
98,84,33
124,84,111
79,69,33
128,82,159
85,85,172
129,56,79
114,43,160
127,48,21
96,47,124
123,118,119
94,69,67
127,48,123
95,46,154
94,69,137
124,84,177
116,94,74
98,80,24
85,62,171
78,45,98
105,68,116
81,114,167
114,117,56
105,68,100
97,75,41
78,45,62
86,34,115
123,111,168
84,104,159
115,40,128
88,76,86
83,71,23
116,94,122
114,87,158
98,80,100
108,69,114
78,31,79
97,75,138
86,34,171
84,104,100
107,82,30
128,82,120
92,61,124
128,85,122
123,117,68
105,68,90
98,80,133
123,111,107
103,42,40
116,97,100
129,35,68
118,91,140
77,49,141
96,35,175
108,69,122
103,42,67
107,48,64
130,114,113
101,116,84
89,71,142
115,40,116
102,118,78
85,85,147
92,61,142
92,103,175
81,77,117
102,118,74
86,34,170
128,85,38
78,37,116
116,27,105
78,31,70
104,107,158
83,117,114
123,118,112
104,107,145
92,72,83
118,91,176
128,85,70
76,89,115
116,27,172
76,35,60
95,46,136
86,34,75
93,28,62
89,71,126
116,94,69
78,31,80
81,120,93
101,116,32
83,71,155
116,94,49
83,117,80
84,104,83
114,43,48
114,93,85
125,81,144
126,118,60
83,71,35
96,47,110
128,82,60
85,104,81
114,87,109
116,80,152
95,46,59
128,89,39
85,64,27
92,72,171
92,61,128
76,27,88
78,31,31
81,109,165
116,80,80
104,107,79
114,93,125
109,47,25
127,106,93
79,83,109
82,40,152
97,28,123
94,69,105
107,48,165
85,85,139
123,111,23
120,96,107
92,72,88
85,85,95
109,80,104
128,82,171
85,104,179
130,114,94
96,68,81
85,62,47
88,76,114
89,113,168
93,58,75
85,104,60
83,71,66
109,80,25
86,41,119
98,80,37
114,43,75
116,53,111
97,28,144
104,60,33
98,84,98
85,64,43
108,69,94
124,84,103
78,37,47
101,101,58
123,117,86
81,109,148
101,116,136
82,40,127
101,101,51
96,68,107
85,38,82
81,92,120
85,38,107
101,101,110
101,101,131
100,45,86
124,84,36
88,76,41
125,81,174
123,118,147
78,31,161
77,49,53
116,53,63
91,115,57
123,118,75
116,53,20
109,47,100
76,27,158
78,31,157
83,71,153
101,101,77
93,51,177
93,28,43
107,82,116
128,82,23
81,92,163
128,82,118
108,69,57
78,37,122
112,119,48
81,92,103
86,90,22
92,72,92
105,68,118
96,35,130
85,64,128
86,34,84
101,116,130
85,85,175
128,85,123
116,94,120
86,34,152
98,84,42
128,89,108
91,115,105
127,48,94
104,60,94
81,109,32
114,117,155
107,108,71
79,69,143
100,45,129
96,68,93
107,48,72
81,109,170
85,62,60
83,117,174
76,27,144
124,84,117
89,113,96
89,113,138
98,80,143
95,46,149
85,104,172
109,80,31
86,34,36
114,87,44
96,68,105
107,82,20
118,91,93
119,63,43
96,35,24
118,70,81
93,58,80
79,83,47
118,91,90
84,104,140
100,45,84
114,43,108
84,104,37
127,48,134
79,69,120
128,82,116
105,68,146
97,28,44
81,92,71
78,99,108
114,87,137
96,47,136
123,111,133
124,84,126
85,104,166
116,94,84
128,89,171
100,45,176
103,42,54
79,69,52
85,62,63
124,84,102
105,68,75
129,56,123
101,116,168
114,87,119
116,80,34
102,118,38
78,99,21
108,69,34
126,118,93
101,116,175
88,76,121
77,49,123
85,62,164
97,75,48
81,109,153
128,82,58
116,94,84
129,56,104
76,27,129
76,35,25
116,80,25
118,91,126
101,101,21
114,93,165
83,117,27
77,49,154
104,60,124
115,40,82
81,114,103
118,91,34
95,46,81
115,98,32
127,48,150
120,96,29
114,87,58
82,40,29
83,71,85
107,48,82
93,58,161
77,47,165
85,64,106
86,41,87
79,83,172
104,60,129
78,99,92
124,84,135
125,87,44
90,63,159
94,69,54
92,61,30
93,58,63
107,48,99
85,104,68
90,47,151
104,60,175
98,84,142
85,62,172
97,28,139
93,28,25
123,111,96
126,118,30
81,92,53
85,64,168
116,27,179
116,27,115
93,28,156
92,103,74
101,48,136
94,69,55
90,63,152
128,82,55
94,69,147
97,28,176
129,56,160
118,91,179
105,68,167
88,76,146
101,101,172
83,71,122
95,46,60
81,77,63
81,114,53
123,111,137
119,63,102
76,89,88
94,69,64
89,71,55
85,87,133
98,80,87
125,81,173
114,43,143
85,62,158
128,89,92
104,107,177
78,45,39
121,107,126
114,87,56
85,62,23
93,28,71
81,120,174
124,84,89
116,94,80
79,83,103
125,81,60
109,80,42
85,64,69
124,84,126
128,82,23
114,43,25
128,89,95
76,27,70
78,37,53
114,93,119
77,47,47
90,47,146
86,41,107
98,80,42
79,69,159
97,28,82
115,40,51
81,114,67
92,61,137
96,47,100
90,63,97
128,89,140
85,62,170
103,42,109
77,47,122
127,48,133
115,98,75
119,63,68
125,81,140
130,114,85
126,118,153
78,45,101
96,47,153
92,61,62
123,117,165
119,63,161
128,82,46
128,82,48
128,89,89
77,47,44
78,99,177
119,63,112
97,75,25
102,118,146
91,74,60
101,116,52
93,51,92
116,53,122
101,101,22
123,118,118
82,40,118
78,99,151
129,35,31
90,63,43
88,76,127
114,117,79
124,84,82
78,31,161
116,80,111
101,48,85
104,107,157
90,47,169
107,82,58
121,107,173
90,47,72
109,47,177
83,71,62
85,104,162
84,104,116
76,35,133
76,89,95
97,75,77
83,117,103
96,47,165
128,89,110
79,83,170
109,47,104
114,87,158
128,85,62
114,43,99
85,62,30
98,84,176
96,47,60
83,71,147
128,89,101
78,45,145
118,91,105
123,111,111
125,87,99
108,69,138
84,104,85
93,51,179
86,41,86
116,53,123
116,53,169
101,101,66
123,118,177
76,89,172
120,96,42
116,94,72
76,35,65
116,53,100
88,76,145
100,45,95
93,28,37
96,68,63
92,103,177
81,109,180
115,40,53
97,75,35
126,118,50
127,48,95
79,83,110
127,106,118
130,114,69
104,107,112
81,120,56
90,47,153
97,28,28
114,87,24
116,27,162
105,68,103
115,40,166
82,40,167
101,101,54
116,27,86
81,109,96
115,40,158
116,97,73
91,115,75
85,64,178
88,76,81
107,48,166
109,47,156
78,37,63
76,35,101
126,118,39
116,80,141
81,120,85
84,104,136
97,28,144
129,35,166
101,48,125
104,60,72
90,63,114
115,98,124
86,90,22
85,62,52
77,47,103
96,47,39
126,118,44
114,87,160
118,91,106
81,120,162
94,69,180
85,62,167
107,108,73
95,46,79
120,96,57
79,69,138
128,89,107
76,35,174
128,85,147
123,117,75
83,117,150
81,109,36
107,82,72
86,34,85
118,91,177
114,117,42
92,103,45
91,74,126
126,118,155
127,48,122
91,74,60
92,103,86
93,51,59
81,120,99
102,118,120
85,85,120
128,82,32
76,35,110
90,47,40
81,92,128
125,81,161
89,71,175
109,47,158
125,81,103
77,47,135
109,47,46
78,99,46
78,31,139
128,82,152
81,92,177
95,46,52
96,35,83
108,69,66
125,87,79
120,96,102
92,61,112
90,47,107
124,84,47
76,89,44
103,42,98
129,56,129
86,34,163
90,47,98
78,99,56
123,111,85
107,108,163
123,117,165
118,70,36
104,107,177
85,85,101
102,118,85
128,85,56
115,98,163
82,40,118
82,40,63
90,47,103
81,109,129
93,28,137
116,97,165
96,47,128
101,101,97
85,104,28
103,42,121
81,114,178
77,47,33
93,58,79
76,27,36
76,103,153
77,49,108
116,94,139
86,34,93
119,63,129
107,108,35
115,40,27
125,81,44
89,113,21
81,92,37
81,77,50
97,75,135
90,47,101
83,71,27
130,114,42
103,42,56
89,71,130
101,101,23
109,47,39
76,27,64
104,60,136
127,48,41
90,47,179
128,89,128
128,85,121
97,28,111
114,93,165
91,115,177
86,34,63
85,104,22
116,80,80
77,49,80
114,87,73
116,80,30
116,27,84
112,119,170
84,104,108
118,70,160
102,118,59
127,48,172
120,96,171
88,76,96
77,49,147
109,47,67
81,120,148
94,69,106
77,47,97
89,113,95
78,45,38
118,91,94
78,99,116
76,89,98
116,80,27
118,91,49
93,58,116
91,74,100
86,90,76
116,27,74
128,89,137
96,47,63
128,82,176
121,107,86
81,92,129
114,43,99
76,103,177
76,35,129
123,117,164
76,35,129
102,118,26
120,96,92
97,28,74
86,41,28
77,47,158
100,45,69
92,103,35
127,48,163
88,76,43
107,108,159
90,47,84
130,114,46
119,63,60
93,58,65
120,96,159
78,45,95
82,40,128
100,45,113
95,46,45
129,35,57
118,70,28
119,63,42
85,62,69
114,87,177
107,48,78
116,94,153
126,118,162
89,71,47
127,106,67
123,117,138
124,84,151
93,58,51
124,84,47
126,118,44
116,53,122
116,80,120
93,51,28
125,45,156
89,113,108
124,84,59
91,115,145
85,85,80
101,116,122
82,40,131
78,45,36
89,71,105
128,85,81
77,47,135
123,111,57
81,114,172
84,104,153
76,35,156
105,68,30
107,48,162
107,82,82
101,116,56
77,49,90
93,28,106
125,87,162
115,40,109
90,63,179
101,48,149
114,43,46
115,40,49
91,115,141
93,58,112
108,69,74
76,27,80
107,82,99
118,91,88
89,71,148
107,48,120
81,109,20
121,107,100
129,35,165
123,118,114
105,68,143
96,47,109
84,104,146
91,74,52
89,71,51
96,47,123
129,35,123
78,45,74
79,69,153
118,70,68
98,80,87
107,82,173
96,47,76
124,84,47
88,76,146
78,31,57
85,64,147
76,103,127
107,108,111
92,72,98
86,41,85
97,28,167
84,104,88
78,45,36
123,117,105
88,76,67
114,117,30
81,114,46
81,77,81
128,89,130
92,72,80
83,71,138
115,40,169
128,89,38
112,119,122
94,69,57
118,91,167
109,47,129
84,104,87
101,48,101
81,109,117
125,45,46
76,103,101
114,93,104
126,118,114
77,49,100
86,41,173
121,107,47
89,113,146
95,46,178
123,118,28
129,56,65
118,91,147
78,99,97
128,89,54
85,85,172
81,114,28
127,106,70
123,117,25
85,38,75
128,89,170
76,35,30
109,47,173
120,96,142
76,103,166
96,47,61
123,118,176
104,107,129
101,101,70
83,117,91
126,118,120
97,75,32
90,63,93
127,106,63
125,45,124
89,71,54
107,108,170
91,115,134
81,114,71
116,80,50
85,64,40
115,40,104
86,34,38
98,84,45
78,31,70
104,107,75
107,82,27
96,47,164
95,46,41
82,40,46
92,61,134
81,109,158
101,116,55
100,45,130
101,101,91
105,68,123
85,62,86
125,45,92
101,116,76
90,63,46
116,27,50
92,72,125
119,63,58
104,60,69
107,48,31
76,27,90
118,70,124
118,70,70
123,118,71
92,61,82
103,42,163
102,118,54
98,84,172
96,35,108
108,69,177
97,28,75
116,53,97
112,119,60
81,92,167
98,80,85
81,92,61
128,89,84
93,51,102
98,80,99
89,71,80
115,98,126
77,49,142
107,48,120
78,31,152
86,41,46
97,28,147
91,115,179
115,40,74
104,107,88
96,35,177
103,42,60
78,99,43
81,120,168
107,48,77
115,98,58
81,120,104
125,87,133
96,47,123
96,47,92
102,118,107
89,113,130
118,91,159
81,109,174
90,47,60
116,94,96
114,93,150
83,71,156
82,40,65
81,92,176
119,63,110
77,49,99
91,115,149
114,93,38
89,71,54
116,94,149
81,77,33
115,98,83
88,76,68
98,84,88
128,89,110
103,42,80
121,107,88
116,94,96
78,99,111
86,90,105
107,82,115
81,92,177
107,48,104
81,77,26
108,69,75
86,34,20
115,40,165
78,37,154
116,97,23
128,89,33
97,28,29
107,48,105
89,113,99
90,47,160
79,83,163
81,109,130
92,103,150
97,28,146
123,111,89
114,43,22
97,75,59
83,71,43
96,68,135
101,101,97
88,76,92
97,28,109
103,42,120
107,82,54
93,28,143
96,35,23
109,80,113
86,34,41
127,106,150
97,28,159
121,107,74
83,117,33
83,71,98
128,82,153
124,84,90
76,103,131
116,27,159
93,58,68
124,84,75
88,76,149
126,118,78
107,82,172
96,35,167
114,43,123
115,98,157
96,35,44
100,45,46
85,38,176
81,120,165
79,83,133
114,43,22
101,48,30
81,114,162
114,93,140
119,63,159
97,28,133
120,96,110
94,69,126
93,51,151
85,104,150
90,63,40
114,117,49
92,103,151
101,116,130
123,111,56
86,34,108
83,117,130
76,89,56
109,80,45
97,28,42
105,68,119
123,118,29
98,80,31
127,106,125
127,48,153
92,61,180
114,43,27
128,85,92
119,63,177
127,106,81
85,85,83
98,80,109
107,82,91
118,70,156
86,34,109
85,62,96
85,62,102
125,81,30
96,47,153
89,113,32
79,69,30
76,89,159
82,40,167
91,74,138
81,77,24
119,63,108
114,87,123
90,63,101
85,85,169
89,113,145
116,97,130
129,35,98
85,85,62
89,71,120
81,77,130
109,80,109
82,40,40
126,118,71
98,84,85
114,117,163
90,63,31
127,48,150
85,104,26
107,82,144
93,28,46
92,103,34
107,108,126
88,76,64
107,82,166
119,63,68
97,28,114
90,63,100
103,42,61
108,69,98
88,76,168
95,46,59
107,48,124
101,101,48
116,80,67
128,82,88
76,103,46
85,104,168
86,90,151
123,118,78
76,103,86
125,87,131
127,106,57
91,115,73
129,56,87
103,42,86
116,97,147
85,38,69
107,82,156
115,98,88
78,99,146
90,63,64
124,84,143
81,120,54
125,87,156
76,103,140
96,35,60
88,76,125
90,47,52
123,111,48
128,82,147
88,76,150
92,61,179
92,103,167
128,89,20
115,40,80
97,28,98
85,64,46
78,37,108
124,84,149
81,114,63
86,41,21
101,116,124
116,94,179
102,118,72
93,28,89
114,117,156
103,42,164
85,85,83
93,51,69
86,34,127
116,80,88
101,116,48
128,89,61
93,28,120
76,35,72
77,49,142
86,34,42
130,114,53
109,80,133
126,118,38
114,117,163
90,47,59
116,97,109
107,108,108
101,116,65
94,69,133
86,41,67
93,28,74
114,117,117
107,108,145
115,98,55
125,87,66
108,69,58
103,42,32
102,118,142
101,48,176
125,87,42
123,118,103
92,72,142
85,38,31
86,34,128
114,93,74
88,76,61
118,91,157
94,69,43
114,117,95
130,114,84
127,48,83
116,80,167
120,96,127
114,93,30
102,118,159
90,63,55
95,46,138
104,107,58
118,91,114
83,71,42
88,76,65
109,80,114
78,45,21
107,48,128
91,115,139
101,116,115
92,72,169
129,56,55
128,82,103
93,58,22
130,114,100
102,118,39
96,35,171
101,101,99
116,97,172
125,87,158
78,31,108
107,82,44
79,83,155
101,116,47
128,82,121
76,103,74
97,75,163
130,114,65
83,71,47
77,47,170
92,61,124
101,48,50
86,41,58
123,118,136
93,28,125
103,42,106
103,42,49
125,45,116
97,75,37
81,109,40
128,85,144
81,114,150
86,34,143
88,76,162
125,87,58
97,75,47
118,70,131
92,103,113
130,114,132
128,85,141
85,87,155
98,84,154
81,109,66
107,82,180
81,92,146
83,71,145
88,76,39
116,94,147
116,27,78
114,43,101
91,74,29
90,63,44
116,97,57
86,34,145
79,83,147
127,106,169
123,111,69
130,114,67
81,109,84
129,35,162
93,58,125
76,27,149
125,81,34
96,68,68
107,82,83
93,58,75
107,108,47
76,103,33
88,76,51
101,101,44
92,72,166
121,107,38
109,80,49
89,113,160
85,38,137
93,58,21
116,80,121
92,103,84
86,34,44
90,63,51
112,119,107
128,89,28
92,72,75
116,53,112
94,69,174
86,41,73
83,71,167
93,51,178
93,28,109
115,98,63
114,117,51
114,93,56
126,118,116
119,63,67
92,61,38
92,72,47
129,35,113
82,40,126
89,113,21
115,98,72
129,56,30
116,53,108
85,64,141
109,80,48
128,85,109
78,45,134
123,118,127
78,31,93
92,61,92
79,83,79
86,41,46
100,45,82
104,60,128
83,117,52
114,117,79
121,107,126
120,96,111
83,71,141
88,76,75
121,107,161
128,89,59
92,72,85
85,62,165
83,71,158
109,80,114
85,64,178
108,69,143
104,60,137
102,60,162
78,60,99
105,40,38
102,31,35
92,40,160
113,35,148
104,44,98
117,51,78
107,64,154
85,53,54
81,49,30
106,45,149
105,64,134
123,39,25
97,64,149
93,60,133
76,31,128
93,27,96
113,47,145
107,39,151
110,43,68
116,70,93
125,46,98
77,70,85
130,46,55
119,48,140
89,68,168
86,67,93
115,66,173
85,43,103
108,64,85
108,44,107
111,35,91
94,54,110
117,54,120
110,49,116
84,61,177
106,52,43
126,56,121
116,54,125
130,38,177
120,63,157
118,57,92
104,65,43
118,45,95
108,35,43
122,61,100
118,47,79
116,38,136
95,31,95
128,53,164
85,34,151
96,52,40
122,63,71
101,27,103
116,63,29
116,39,154
98,58,169
81,55,92
116,60,123
91,52,148
115,57,22
98,54,98
86,65,33
103,58,157
119,33,89
130,67,39
124,27,86
105,59,24
99,43,147
105,43,30
78,63,40
85,67,42
99,41,36
121,49,45
128,42,118
87,61,162
104,29,60
122,36,114
81,60,112
99,31,169
125,55,107
108,50,67
85,69,36
88,64,35
112,37,28
78,41,145
92,27,67
121,34,141
118,30,30
96,45,116
107,46,29
97,43,22
101,51,116
128,64,86
79,36,142
116,32,161
111,62,85
120,34,25
110,34,26
87,30,42
104,59,39
110,66,95
79,43,45
115,58,125
83,38,50
91,35,125
107,59,83
114,57,103
88,46,65
85,45,128
124,66,43
84,62,160
79,70,44
117,42,172
120,35,143
109,39,129
85,51,59
93,68,75
124,32,156
128,32,119
84,64,119
117,46,40
107,32,64
109,55,42
116,69,152
123,69,65
109,59,155
118,37,39
96,27,171
102,62,143
126,68,44
113,34,176
123,40,50
113,48,121
96,42,36
113,51,47
114,60,49
95,33,73
92,50,105
88,52,136
117,30,60
95,60,44
119,46,146
79,32,92
118,60,26
84,66,41
106,60,175
114,36,110
100,62,26
83,41,178
84,54,118
103,34,125
120,61,175
125,53,137
97,27,105
124,62,84
99,52,27
77,65,62
110,27,167
124,49,170
89,39,134
90,69,149
115,41,79
88,49,91
88,27,99
98,27,74
102,59,158
113,31,124
122,41,39
114,32,152
81,67,83
116,48,48
88,50,94
118,27,59
100,58,65
84,28,39
99,47,121
104,58,157
108,28,167
121,57,110
107,31,129
116,45,103
125,68,176
103,55,168
79,60,109
120,27,94
96,34,155
84,53,130
85,58,86
118,42,75
106,29,56
85,46,85
109,41,169
118,54,162
109,44,173
85,61,41
85,59,46
88,58,155
112,70,33
108,68,47
109,43,119
129,59,68
78,66,32
118,66,33
81,44,89
82,52,177
96,41,28
77,30,136
81,68,74
128,62,91
95,27,31
86,53,77
93,51,49
103,37,135
76,47,66
89,32,32
106,62,175
85,65,91
120,65,24
95,47,167
121,67,31
115,49,133
127,30,110
79,29,78
111,49,163
118,38,149
81,61,174
125,69,76
118,29,130
97,46,140
126,70,88
112,39,145
109,70,127
85,48,30
108,34,91
104,54,35
77,69,86
93,58,113
86,68,85
100,27,32
97,59,89
129,58,107
109,49,172
104,30,96
101,54,26
106,55,121
86,59,114
92,63,28
79,65,100
84,31,158
90,59,157
85,29,117
92,69,33
109,42,156
107,48,70
97,53,68
122,65,40
84,40,80
